"RK",TIERS,"PLAYER NAME",TEAM,"POS","AGE","BEST","WORST","AVG","STD.DEV","ECR vs ADP"
"1",1,"Ja'Marr Chase",CIN,"WR1","25","1","1","1.0","0.0","0"
"2",1,"Justin Jefferson",MIN,"WR2","26","2","2","2.0","0.0","0"
"3",1,"CeeDee Lamb",DAL,"WR3","26","3","6","4.2","1.3","0"
"4",1,"Bijan Robinson",ATL,"RB1","23","3","6","4.3","1.1","0"
"5",1,"Malik Nabers",NYG,"WR4","22","3","7","4.6","1.1","0"
"6",2,"Jahmyr Gibbs",DET,"RB2","23","4","9","6.2","1.5","0"
"7",2,"Ashton Jeanty",LV,"RB3","21","6","10","7.8","1.4","0"
"8",2,"Brian Thomas Jr.",JAC,"WR5","22","5","10","7.9","1.4","+2"
"9",2,"Puka Nacua",LAR,"WR6","24","6","11","8.7","1.5","0"
"10",2,"Amon-Ra St. Brown",DET,"WR7","25","7","14","10.8","1.9","-2"
"11",2,"Nico Collins",HOU,"WR8","26","10","13","11.3","0.9","+2"
"12",3,"Drake London",ATL,"WR9","24","9","16","12.9","2.1","+2"
"13",3,"Brock Bowers",LV,"TE1","22","8","28","15.2","6.2","-1"
"14",3,"Saquon Barkley",PHI,"RB4","28","10","23","15.5","3.6","-3"
"15",3,"Ladd McConkey",LAC,"WR10","23","15","24","17.5","2.6","0"
"16",3,"A.J. Brown",PHI,"WR11","28","13","26","19.3","4.0","+4"
"17",3,"De'Von Achane",MIA,"RB5","23","14","26","19.5","4.4","-1"
"18",3,"Omarion Hampton",LAC,"RB6","22","15","28","19.5","4.8","+5"
"19",3,"Jaxon Smith-Njigba",SEA,"WR12","23","14","31","19.8","4.5","-2"
"20",4,"Garrett Wilson",NYJ,"WR13","25","19","27","21.9","2.7","+6"
"21",4,"Tetairoa McMillan",CAR,"WR14","22","15","37","23.0","7.0","+11"
"22",4,"Marvin Harrison Jr.",ARI,"WR15","23","20","31","23.6","3.3","-3"
"23",4,"Trey McBride",ARI,"TE2","25","13","33","23.9","5.7","-5"
"24",4,"Jonathan Taylor",IND,"RB7","26","12","49","25.5","10.5","+3"
"25",4,"Josh Allen",BUF,"QB1","29","19","36","26.8","4.6","-4"
"26",4,"Jayden Daniels",WAS,"QB2","24","18","38","27.0","4.7","-2"
"27",4,"Bucky Irving",TB,"RB8","23","24","40","28.2","5.2","-5"
"28",4,"Tee Higgins",CIN,"WR16","26","21","35","28.4","3.9","+1"
"29",4,"Lamar Jackson",BAL,"QB3","28","20","53","29.2","9.3","-4"
"30",4,"Travis Hunter",JAC,"WR17","22","22","36","29.4","4.7","+1"
"31",5,"Breece Hall",NYJ,"RB9","24","20","54","32.3","9.7","-3"
"32",5,"Rashee Rice",KC,"WR18","25","29","50","36.3","7.3","-2"
"33",5,"Joe Burrow",CIN,"QB4","28","22","53","37.4","7.8","+5"
"34",5,"TreVeyon Henderson",NE,"RB10","22","27","52","37.5","7.4","+2"
"35",5,"DeVonta Smith",PHI,"WR19","26","27","45","37.5","5.7","+2"
"36",5,"Josh Jacobs",GB,"RB11","27","24","56","37.6","10.0","+4"
"37",5,"Kyren Williams",LAR,"RB12","25","22","52","39.6","7.5","-3"
"38",5,"Chase Brown",CIN,"RB13","25","20","64","39.8","11.7","+8"
"39",5,"Sam LaPorta",DET,"TE3","24","30","58","41.0","7.3","+5"
"40",5,"Emeka Egbuka",TB,"WR20","22","30","55","42.0","8.3","+11"
"41",5,"Jalen Hurts",PHI,"QB5","27","34","51","42.3","5.3","-2"
"42",5,"Rome Odunze",CHI,"WR21","23","34","59","42.8","7.5","+3"
"43",5,"Zay Flowers",BAL,"WR22","24","36","51","43.1","5.1","+5"
"44",5,"James Cook",BUF,"RB14","25","33","53","43.4","6.3","+5"
"45",6,"Patrick Mahomes II",KC,"QB6","29","38","54","46.3","5.3","+15"
"46",6,"DK Metcalf",PIT,"WR23","27","36","58","47.0","6.4","+9"
"47",6,"Xavier Worthy",KC,"WR24","22","30","79","47.1","16.1","-5"
"48",6,"Kenneth Walker III",SEA,"RB15","24","38","63","47.5","8.2","-5"
"49",6,"Jameson Williams",DET,"WR25","24","41","68","47.6","7.6","+9"
"50",6,"Jordan Addison",MIN,"WR26","23","39","71","51.2","8.6","+13"
"51",6,"Jaylen Waddle",MIA,"WR27","26","38","67","52.0","9.9","+11"
"52",6,"RJ Harvey",DEN,"RB16","24","35","64","53.3","9.3","-2"
"53",6,"Tyler Warren",IND,"TE4","23","41","73","54.3","10.9","+4"
"54",6,"Christian McCaffrey",SF,"RB17","29","48","65","55.6","5.7","-19"
"55",6,"DJ Moore",CHI,"WR28","28","37","79","56.3","11.0","-3"
"56",6,"George Pickens",DAL,"WR29","24","39","73","57.0","11.7","+3"
"57",6,"George Kittle",SF,"TE5","31","47","75","57.1","8.8","-4"
"58",6,"Derrick Henry",BAL,"RB18","31","50","66","59.2","4.8","-25"
"59",6,"Chris Olave",NO,"WR30","25","37","77","59.7","12.0","+5"
"60",6,"T.J. Hockenson",MIN,"TE6","28","48","72","60.2","7.6","+9"
"61",6,"Terry McLaurin",WAS,"WR31","29","47","81","60.8","9.4","-20"
"62",6,"Justin Herbert",LAC,"QB7","27","46","85","61.7","10.6","+31"
"63",7,"Kaleb Johnson",PIT,"RB19","22","52","79","63.6","10.1","-9"
"64",7,"Colston Loveland",CHI,"TE7","21","50","75","65.6","6.8","+2"
"65",7,"Jerry Jeudy",CLE,"WR32","26","46","80","66.5","9.6","+9"
"66",7,"Ricky Pearsall",SF,"WR33","24","37","93","69.2","14.1","+14"
"67",7,"Bo Nix",DEN,"QB8","25","47","106","72.9","17.4","+5"
"68",7,"C.J. Stroud",HOU,"QB9","23","56","103","73.6","16.0","+35"
"69",7,"Drake Maye",NE,"QB10","23","52","93","73.8","12.7","+14"
"70",7,"Matthew Golden",GB,"WR34","22","57","93","74.0","9.9","0"
"71",7,"Quinshon Judkins",CLE,"RB20","21","62","106","74.9","14.1","-24"
"72",7,"Chuba Hubbard",CAR,"RB21","26","65","86","76.0","5.8","-11"
"73",7,"Davante Adams",LAR,"WR35","32","59","94","76.2","10.8","-5"
"74",7,"Mike Evans",TB,"WR36","32","64","92","78.1","8.0","-9"
"75",7,"Tucker Kraft",GB,"TE8","24","57","137","78.9","21.8","+20"
"76",7,"Tyreek Hill",MIA,"WR37","31","69","102","80.4","8.5","-20"
"77",7,"Caleb Williams",CHI,"QB11","23","56","128","80.5","24.6","+7"
"78",7,"David Njoku",CLE,"TE9","29","62","110","80.7","12.5","+28"
"79",7,"Mark Andrews",BAL,"TE10","30","57","121","81.7","18.2","+8"
"80",7,"Alvin Kamara",NO,"RB22","30","67","98","83.2","10.6","-13"
"81",7,"Jayden Higgins",HOU,"WR38","22","70","100","83.2","10.2","+1"
"82",7,"David Montgomery",DET,"RB23","28","78","91","83.3","4.3","-6"
"83",8,"Courtland Sutton",DEN,"WR39","29","61","97","85.0","11.3","-10"
"84",8,"Tony Pollard",TEN,"RB24","28","72","98","87.6","6.4","+16"
"85",8,"Isiah Pacheco",KC,"RB25","26","68","115","88.5","14.3","-8"
"86",8,"D'Andre Swift",CHI,"RB26","26","81","102","88.8","6.0","+3"
"87",8,"Brandon Aiyuk",SF,"WR40","27","67","146","89.0","21.7","-6"
"88",8,"Dalton Kincaid",BUF,"TE11","25","69","115","89.5","14.4","+6"
"89",8,"Josh Downs",IND,"WR41","24","57","116","90.0","15.5","+3"
"90",8,"Luther Burden III",CHI,"WR42","21","66","116","90.4","16.5","-15"
"91",8,"Jordan Love",GB,"QB12","26","73","112","90.5","12.4","+30"
"92",8,"Brock Purdy",SF,"QB13","25","55","143","91.4","26.3","+34"
"93",8,"Kyler Murray",ARI,"QB14","28","58","137","91.9","28.6","+4"
"94",8,"Jayden Reed",GB,"WR43","25","77","117","95.8","12.7","-8"
"95",8,"Chris Godwin Jr.",TB,"WR44","29","75","116","96.4","10.6","-4"
"96",8,"Calvin Ridley",TEN,"WR45","30","81","104","96.9","6.7","+3"
"97",8,"James Conner",ARI,"RB27","30","90","106","97.9","5.8","-18"
"98",8,"Michael Pittman Jr.",IND,"WR46","27","81","105","98.2","7.0","+7"
"99",8,"Evan Engram",DEN,"TE12","31","69","135","98.7","20.8","+25"
"100",8,"Khalil Shakir",BUF,"WR47","25","75","116","99.3","12.4","-12"
"101",8,"Baker Mayfield",TB,"QB15","30","72","132","101.1","18.7","+12"
"102",8,"Trevor Lawrence",JAC,"QB16","25","70","126","101.6","18.2","+49"
"103",8,"Tre' Harris",LAC,"WR48","23","71","136","102.2","20.4","-1"
"104",8,"Tyrone Tracy Jr.",NYG,"RB28","25","88","122","103.2","13.2","-14"
"105",8,"Jakobi Meyers",LV,"WR49","28","97","121","107.1","6.4","-1"
"106",8,"Keon Coleman",BUF,"WR50","22","81","145","109.0","15.9","+4"
"107",9,"Cam Skattebo",NYG,"RB29","23","80","136","109.5","17.5","-29"
"108",9,"Jauan Jennings",SF,"WR51","28","91","130","110.7","11.0","-7"
"109",9,"Kyle Pitts Sr.",ATL,"TE13","24","96","123","110.8","8.8","-1"
"110",9,"Aaron Jones Sr.",MIN,"RB30","30","88","132","111.5","15.1","-12"
"111",9,"Travis Kelce",KC,"TE14","35","78","156","116.2","19.7","+1"
"112",9,"J.J. McCarthy",MIN,"QB17","22","96","147","117.2","14.8","+18"
"113",9,"Zach Charbonnet",SEA,"RB31","24","74","164","117.7","28.2","-6"
"114",9,"Deebo Samuel Sr.",WAS,"WR52","29","101","150","119.1","15.0","-5"
"115",9,"Dak Prescott",DAL,"QB18","32","95","150","119.3","15.0","+26"
"116",9,"Trey Benson",ARI,"RB32","23","88","157","119.6","19.5","-2"
"117",9,"Stefon Diggs",NE,"WR53","31","101","131","119.9","9.8","0"
"118",9,"Travis Etienne Jr.",JAC,"RB33","26","95","158","121.5","18.5","-33"
"119",9,"Mason Taylor",NYJ,"TE15","21","88","160","121.7","19.8","+15"
"120",9,"Isaiah Likely",BAL,"TE16","25","81","203","122.9","34.6","0"
"121",9,"Jared Goff",DET,"QB19","30","95","158","123.4","19.4","+19"
"122",9,"Bhayshul Tuten",JAC,"RB34","23","90","186","125.3","27.5","-11"
"123",9,"Darnell Mooney",ATL,"WR54","27","115","145","126.0","8.8","+10"
"124",9,"Elijah Arroyo",SEA,"TE17","22","86","155","126.1","17.6","+41"
"125",9,"Jacory Croskey-Merritt",WAS,"RB35","24","102","156","127.8","19.6","+81"
"126",9,"Dallas Goedert",PHI,"TE18","30","112","144","128.3","10.8","+31"
"127",9,"Jordan Mason",MIN,"RB36","26","109","165","130.3","16.9","0"
"128",9,"Jaylen Warren",PIT,"RB37","26","108","170","130.5","15.9","-10"
"129",9,"Jake Ferguson",DAL,"TE19","26","114","180","130.7","18.5","+7"
"130",9,"Rashid Shaheed",NO,"WR55","27","113","155","131.6","12.3","+1"
"131",9,"Cam Ward",TEN,"QB20","23","109","157","131.7","15.0","+1"
"132",9,"Marvin Mims Jr.",DEN,"WR56","23","97","175","131.8","21.1","+15"
"133",9,"Joe Mixon",HOU,"RB38","29","94","185","136.4","34.7","-62"
"134",9,"Cedric Tillman",CLE,"WR57","25","112","161","136.4","13.8","+21"
"135",9,"Michael Penix Jr.",ATL,"QB21","25","123","184","136.9","17.5","+15"
"136",9,"Jaylin Noel",HOU,"WR58","23","113","214","138.7","31.1","+6"
"137",10,"Terrance Ferguson",LAR,"TE20","22","106","180","139.5","22.6","+22"
"138",10,"Cooper Kupp",SEA,"WR59","32","109","171","140.9","18.8","-22"
"139",10,"Jack Bech",LV,"WR60","22","115","175","142.0","20.5","-14"
"140",10,"Kyle Williams",NE,"WR61","22","122","175","142.0","16.3","-21"
"141",10,"Justin Fields",NYJ,"QB22","26","120","159","143.0","11.7","+15"
"142",10,"Rashod Bateman",BAL,"WR62","25","119","175","143.3","16.1","-5"
"143",10,"Najee Harris",LAC,"RB39","27","124","168","143.9","13.5","-21"
"144",10,"Braelon Allen",NYJ,"RB40","21","92","168","145.4","21.3","+4"
"145",10,"Bryce Young",CAR,"QB23","24","112","168","145.4","14.1","+19"
"146",10,"Rhamondre Stevenson",NE,"RB41","27","114","182","145.6","18.5","-17"
"147",10,"Tank Bigsby",JAC,"RB42","23","129","165","147.6","11.6","-12"
"148",10,"Christian Kirk",HOU,"WR63","28","134","164","148.2","9.2","+19"
"149",10,"Jalen McMillan",TB,"WR64","23","115","212","148.8","25.7","0"
"150",10,"Xavier Legette",CAR,"WR65","24","121","173","150.2","14.6","-4"
"151",10,"Javonte Williams",DAL,"RB43","25","133","178","154.0","15.7","-23"
"152",10,"Jalen Coker",CAR,"WR66","23","118","183","154.6","23.0","+37"
"153",10,"Brenton Strange",JAC,"TE21","24","118","225","155.1","31.1","+24"
"154",10,"Tua Tagovailoa",MIA,"QB24","27","138","187","156.2","15.2","+44"
"155",10,"Jaxson Dart",NYG,"QB25","22","139","196","156.7","15.8","+15"
"156",10,"Romeo Doubs",GB,"WR67","25","137","172","156.9","11.5","+15"
"157",10,"Rachaad White",TB,"RB44","26","117","202","159.3","23.2","-19"
"158",10,"Elic Ayomanor",TEN,"WR68","22","123","197","160.5","21.2","+21"
"159",10,"Jaydon Blue",DAL,"RB45","21","119","189","161.5","23.1","-44"
"160",10,"Harold Fannin Jr.",CLE,"TE22","21","116","254","163.3","39.9","+13"
"161",10,"Jonnu Smith",PIT,"TE23","30","121","193","163.6","18.7","-9"
"162",10,"Dylan Sampson",CLE,"RB46","20","120","191","164.2","25.6","-17"
"163",10,"Tyjae Spears",TEN,"RB47","24","134","185","166.1","14.7","-40"
"164",10,"Isaac TeSlaa",DET,"WR69","23","138","206","166.3","22.2","+29"
"165",10,"Wan'Dale Robinson",NYG,"WR70","24","134","196","167.1","19.4","-7"
"166",10,"Brian Robinson Jr.",SF,"RB48","26","148","202","167.1","14.6","-70"
"167",10,"J.K. Dobbins",DEN,"RB49","26","125","212","167.8","26.4","-28"
"168",10,"Tory Horton",SEA,"WR71","22","124","238","168.1","32.0","+41"
"169",10,"Hunter Henry",NE,"TE24","30","133","203","169.2","24.6","+28"
"170",10,"Marquise Brown",KC,"WR72","28","135","207","169.4","22.5","-2"
"171",10,"Sam Darnold",SEA,"QB26","28","142","211","169.5","24.1","+79"
"172",10,"Joshua Palmer",BUF,"WR73","25","133","196","170.9","17.9","+22"
"173",10,"Ray Davis",BUF,"RB50","25","151","193","172.7","14.3","-30"
"174",10,"DeMario Douglas",NE,"WR74","24","143","193","172.8","14.4","0"
"175",10,"Pat Freiermuth",PIT,"TE25","26","151","202","174.1","17.7","+1"
"176",11,"Jalen Royals",KC,"WR75","22","148","211","175.0","18.1","-13"
"177",11,"Quentin Johnston",LAC,"WR76","23","132","225","175.3","23.5","-16"
"178",11,"Cade Otton",TB,"TE26","26","135","209","181.3","21.4","-6"
"179",11,"Adonai Mitchell",IND,"WR77","22","138","264","183.5","37.1","+5"
"180",11,"Pat Bryant",DEN,"WR78","22","135","249","185.4","31.6","-18"
"181",11,"Troy Franklin",DEN,"WR79","22","128","238","187.0","31.0","+38"
"182",11,"Christian Watson",GB,"WR80","26","162","215","188.1","13.9","+35"
"183",11,"Anthony Richardson Sr.",IND,"QB27","23","166","242","188.6","24.9","+19"
"184",11,"Chig Okonkwo",TEN,"TE27","25","155","207","189.2","17.5","+23"
"185",11,"Matthew Stafford",LAR,"QB28","37","162","236","190.1","25.6","+37"
"186",11,"Geno Smith",LV,"QB29","34","150","244","191.1","32.0","+76"
"187",11,"Ja'Tavion Sanders",CAR,"TE28","22","157","240","192.5","23.2","+23"
"188",11,"Keenan Allen",LAC,"WR81","33","177","208","193.1","8.8","+57"
"189",11,"Nick Chubb",HOU,"RB51","29","146","281","193.5","41.7","-3"
"190",11,"DJ Giddens",IND,"RB52","22","161","251","194.0","27.9","-12"
"191",11,"Tank Dell",HOU,"WR82","25","170","278","194.1","31.9","-8"
"192",11,"Jarquez Hunter",LAR,"RB53","22","120","309","197.7","48.0","-12"
"193",11,"Tyler Allgeier",ATL,"RB54","25","153","275","197.9","33.6","-39"
"194",11,"Blake Corum",LAR,"RB55","24","161","224","200.6","17.8","-28"
"195",11,"Theo Johnson",NYG,"TE29","24","165","259","200.9","23.1","+52"
"196",11,"Ollie Gordon II",MIA,"RB56","21","149","291","201.2","36.3","-5"
"197",11,"Roman Wilson",PIT,"WR83","24","179","253","204.3","20.3","+17"
"198",11,"DeAndre Hopkins",BAL,"WR84","33","191","240","206.0","14.8","+26"
"199",11,"Mike Gesicki",CIN,"TE30","29","177","237","206.5","17.1","+14"
"200",11,"Cole Kmet",CHI,"TE31","26","174","260","206.7","26.0","+18"
"201",11,"Dont'e Thornton Jr.",LV,"WR85","22","126","329","208.3","56.0","-9"
"202",11,"Rico Dowdle",CAR,"RB57","27","184","233","208.6","15.1","-33"
"203",11,"Jaylen Wright",MIA,"RB58","22","158","233","189.2","23.6","-50"
"204",11,"Jerome Ford",CLE,"RB59","25","128","280","210.4","43.5","-17"
"205",11,"Michael Wilson",ARI,"WR86","25","170","285","212.8","30.5","+7"
"206",11,"Ben Sinnott",WAS,"TE32","23","165","302","213.6","46.0","+25"
"207",11,"Brashard Smith",KC,"RB60","22","169","244","214.8","21.2","-11"
"208",11,"Jonathon Brooks",CAR,"RB61","22","144","313","216.2","48.1","-8"
"209",11,"Isaac Guerendo",SF,"RB62","25","167","267","197.4","32.9","-65"
"210",11,"MarShawn Lloyd",GB,"RB63","24","180","268","216.7","28.2","-25"
"211",11,"Dontayvion Wicks",GB,"WR87","24","174","377","217.2","54.4","+27"
"212",11,"Zach Ertz",WAS,"TE33","34","186","313","217.3","33.9","-9"
"213",11,"Daniel Jones",IND,"QB30","28","172","261","219.3","30.3","-"
"214",11,"Dalton Schultz",HOU,"TE34","29","177","309","222.8","37.1","+105"
"215",11,"Tahj Brooks",CIN,"RB64","23","196","272","222.8","22.1","-11"
"216",11,"Woody Marks",HOU,"RB65","24","181","273","223.0","30.1","-21"
"217",11,"Alec Pierce",IND,"WR88","25","174","235","205.8","16.2","-36"
"218",12,"Adam Thielen",MIN,"WR89","35","196","336","229.7","38.0","-10"
"219",12,"Will Shipley",PHI,"RB66","23","182","302","236.0","35.9","-18"
"220",12,"Roschon Johnson",CHI,"RB67","24","181","262","219.9","19.5","-32"
"221",12,"Jalen Milroe",SEA,"QB31","22","167","310","221.0","41.8","-22"
"222",12,"Andrei Iosivas",CIN,"WR90","25","212","276","238.1","21.7","+10"
"223",12,"Malik Washington",MIA,"WR91","24","173","272","222.3","30.7","+42"
"224",12,"Kendre Miller",NO,"RB68","23","174","297","238.8","36.9","-8"
"225",12,"Kyle Monangai",CHI,"RB69","23","183","303","238.8","30.3","-20"
"226",12,"Tyler Shough",NO,"QB32","25","167","307","240.2","45.2","+83"
"227",12,"Austin Ekeler",WAS,"RB70","30","163","282","240.3","40.9","-52"
"228",12,"Oronde Gadsden II",LAC,"TE35","22","181","317","226.3","50.8","-17"
"229",12,"Darius Slayton",NYG,"WR92","28","201","260","233.1","15.5","+42"
"230",12,"Keaton Mitchell",BAL,"RB71","23","218","312","250.5","28.8","+3"
"231",12,"Amari Cooper",LV,"WR93","31","191","250","218.3","16.0","+46"
"232",12,"Kayshon Boutte",NE,"WR94","23","198","279","237.9","28.8","+28"
"233",12,"Elijah Moore",BUF,"WR95","25","224","318","253.5","27.4","+22"
"234",12,"Devin Neal",NO,"RB72","22","184","352","242.4","47.1","-74"
"235",12,"Juwan Johnson",NO,"TE36","28","209","320","244.3","32.7","+65"
"236",12,"Spencer Rattler",NO,"QB33","24","234","327","261.8","37.9","-"
"237",12,"Tyler Lockett",TEN,"WR96","32","229","276","248.8","17.3","+15"
"238",12,"Trevor Etienne",CAR,"RB73","21","204","373","263.8","47.7","-56"
"239",12,"Isaiah Bond",CLE,"WR97","21","185","329","251.2","47.0","+54"
"240",12,"Jordan James",SF,"RB74","21","187","320","254.9","41.0","-50"
"241",12,"Russell Wilson",NYG,"QB34","36","205","303","239.6","28.6","-"
"242",12,"Jaleel McLaughlin",DEN,"RB75","24","227","367","273.1","39.2","+37"
"243",12,"Savion Williams",GB,"WR98","23","182","368","247.0","66.4","+30"
"244",12,"Michael Mayer",LV,"TE37","24","180","337","262.7","50.1","-"
"245",12,"Tyler Conklin",LAC,"TE38","30","218","344","264.7","34.4","+23"
"246",12,"Devaughn Vele",NO,"WR99","27","205","313","251.3","34.4","+8"
"247",12,"Jordan Whittington",LAR,"WR100","24","209","333","256.6","45.4","+31"
"248",13,"Aaron Rodgers",PIT,"QB35","41","204","340","240.7","45.2","+60"
"249",13,"Luke McCaffrey",WAS,"WR101","24","220","324","245.1","33.4","+39"
"250",13,"Miles Sanders",DAL,"RB76","28","223","313","264.5","29.9","+16"
"251",13,"Calvin Austin III",PIT,"WR102","26","206","291","249.3","25.1","-7"
"252",13,"Tutu Atwell",LAR,"WR103","25","234","351","267.4","39.0","+64"
"253",13,"Chris Rodriguez Jr.",WAS,"RB77","25","222","347","291.9","40.4","-"
"254",13,"Shedeur Sanders",CLE,"QB36","23","230","293","252.9","21.7","-34"
"255",13,"Isaiah Davis",NYJ,"RB78","23","238","305","270.6","23.3","+52"
"256",13,"Dyami Brown",JAC,"WR104","25","198","346","254.1","49.0","0"
"257",13,"Diontae Johnson",FA,"WR105","29","193","308","233.2","44.4","+10"
"258",13,"Pittsburgh Steelers",PIT,"DST1","-","229","298","257.1","26.1","-31"
"259",13,"Noah Fant",CIN,"TE39","27","213","316","257.4","31.9","-"
"260",13,"Tai Felton",MIN,"WR106","22","189","347","258.4","57.8","+10"
"261",13,"Brandon Aubrey",DAL,"K1","30","234","310","258.6","24.9","-38"
"262",13,"Nick Westbrook-Ikhine",MIA,"WR107","28","227","345","275.4","40.1","-"
"263",13,"Tyler Higbee",LAR,"TE40","32","218","338","275.5","44.7","+51"
"264",13,"Tre Tucker",LV,"WR108","24","215","302","260.3","24.4","-15"
"265",13,"KeAndre Lambert-Smith",LAC,"WR109","23","185","239","210.4","19.0","+26"
"266",13,"Harrison Butker",KC,"K2","30","236","316","264.7","26.8","-25"
"267",13,"Noah Gray",KC,"TE41","26","205","318","265.4","35.9","+13"
"268",13,"Philadelphia Eagles",PHI,"DST2","-","228","323","265.6","34.3","-47"
"269",13,"Gunnar Helm",TEN,"TE42","22","207","343","268.0","50.2","+18"
"270",13,"Brandin Cooks",NO,"WR110","31","240","334","269.7","29.2","+11"
"271",13,"Denver Broncos",DEN,"DST3","-","227","294","250.8","25.8","-46"
"272",13,"Los Angeles Rams",LAR,"DST4","-","227","301","252.5","31.6","+27"
"273",13,"Antonio Gibson",NE,"RB79","27","241","321","286.1","23.0","-"
"274",13,"Jalen Tolbert",DAL,"WR111","26","238","385","286.6","51.5","+30"
"275",13,"Dameon Pierce",HOU,"RB80","25","303","315","307.8","4.4","-"
"276",13,"Jaylin Lane",WAS,"WR112","23","198","357","255.2","52.2","-4"
"277",13,"AJ Barner",SEA,"TE43","23","207","368","274.4","44.9","+38"
"278",13,"Kareem Hunt",KC,"RB81","30","230","317","290.4","28.1","-38"
"279",13,"Devin Singletary",NYG,"RB82","28","239","302","277.9","24.2","-"
"280",13,"Parker Washington",JAC,"WR113","23","228","370","278.7","49.7","+2"
"281",13,"Jake Moody",SF,"K3","25","253","293","267.0","16.8","+20"
"282",13,"Houston Texans",HOU,"DST5","-","260","307","284.9","15.6","-47"
"283",13,"Damien Martinez",SEA,"RB83","21","222","328","285.1","34.6","-8"
"284",13,"Buffalo Bills",BUF,"DST6","-","171","296","246.8","44.7","-54"
"285",13,"Minnesota Vikings",MIN,"DST7","-","239","345","289.7","30.7","-51"
"286",13,"Ja'Lynn Polk",NE,"WR114","23","211","315","251.6","34.7","-"
"287",13,"Will Reichard",MIN,"K4","24","244","281","252.8","14.2","-45"
"288",13,"Jermaine Burton",CIN,"WR115","24","235","360","276.0","47.0","-37"
"289",13,"Elijah Mitchell",KC,"RB84","27","229","322","291.9","29.8","-"
"290",13,"Luke Musgrave",GB,"TE44","25","241","342","291.9","37.2","-"
"291",13,"Joe Flacco",CLE,"QB37","40","215","342","254.4","45.1","-"
"292",13,"Blake Grupe",NO,"K5","26","216","278","254.8","22.1","-"
"293",13,"Younghoe Koo",ATL,"K6","31","252","298","278.2","15.3","+3"
"294",13,"Joshua Karty",LAR,"K7","23","219","276","256.8","21.5","-"
"295",13,"Chimere Dike",TEN,"WR116","23","212","362","278.8","47.5","-21"
"296",13,"Audric Estime",FA,"RB85","21","247","343","278.8","30.9","-1"
"297",13,"Sean Tucker",TB,"RB86","23","218","380","294.7","47.6","-44"
"298",13,"Kenneth Gainwell",PIT,"RB87","26","274","309","296.4","10.9","-"
"299",13,"Taysom Hill",NO,"TE45","35","234","304","261.4","23.7","+13"
"300",13,"Justice Hill",BAL,"RB88","27","266","329","298.1","17.2","-85"
"301",14,"Jahan Dotson",PHI,"WR117","25","256","382","300.6","45.8","-"
"302",14,"Xavier Restrepo",TEN,"WR118","23","211","339","266.6","50.5","-56"
"303",14,"Javon Baker",PHI,"WR119","23","240","331","267.6","32.9","-"
"304",14,"Matt Gay",WAS,"K8","31","262","322","287.7","19.6","-"
"305",14,"Arizona Cardinals",ARI,"DST8","-","170","309","268.6","50.5","-"
"306",14,"Wil Lutz",DEN,"K9","31","221","314","269.4","33.1","+16"
"307",14,"Noah Brown",WAS,"WR120","29","202","364","271.2","52.3","-"
"308",14,"Baltimore Ravens",BAL,"DST9","-","229","358","271.8","46.4","-80"
"309",14,"Dallas Cowboys",DAL,"DST10","-","254","301","272.0","16.7","-"
"310",14,"Miami Dolphins",MIA,"DST11","-","254","309","272.6","19.2","-"
"311",14,"Cameron Dicker",LAC,"K10","25","270","350","305.7","29.3","-82"
"312",14,"Ka'imi Fairbairn",HOU,"K11","31","238","312","274.4","26.7","-14"
"313",14,"Brandon McManus",GB,"K12","34","242","310","275.4","23.3","-"
"314",14,"Jake Elliott",PHI,"K13","30","264","345","294.8","29.4","-51"
"315",14,"Justin Tucker",FA,"K14","35","200","291","251.3","33.1","-"
"316",14,"KaVontae Turpin",DAL,"WR121","29","212","352","278.8","45.6","-"
"317",14,"New England Patriots",NE,"DST12","-","175","305","252.5","47.8","-23"
"318",14,"Thomas Fidone II",NYG,"TE46","22","201","361","279.8","55.1","-"
"319",14,"Tyler Bass",BUF,"K15","28","257","365","297.7","35.1","-76"
"320",14,"Malachi Corley",CLE,"WR122","23","248","334","280.0","33.0","-"
"321",14,"Jason Sanders",MIA,"K16","29","275","360","299.2","28.4","-"
"322",14,"Chris Boswell",PIT,"K17","34","245","313","281.8","21.9","-85"
"323",14,"Will Dissly",LAC,"TE47","29","215","378","284.4","59.4","-"
"324",14,"Washington Commanders",WAS,"DST13","-","263","302","284.4","13.8","-67"
"325",14,"Cade Stover",HOU,"TE48","25","233","367","285.4","44.3","-"
"326",14,"Jake Bates",DET,"K18","26","243","335","285.8","36.7","-100"
"327",14,"Kimani Vidal",LAC,"RB89","24","242","318","286.8","27.1","-"
"328",14,"Seattle Seahawks",SEA,"DST14","-","272","300","286.8","10.3","-25"
"329",14,"John Metchie III",PHI,"WR123","25","244","346","287.6","35.9","-"
"330",14,"Chicago Bears",CHI,"DST15","-","271","316","287.8","16.0","-"
"331",14,"Chris Brooks",GB,"RB90","25","219","326","288.4","36.5","-"
"332",14,"Darren Waller",MIA,"TE49","32","216","332","264.0","43.7","-84"
"333",14,"Curtis Samuel",BUF,"WR124","29","210","311","264.3","37.2","-"
"334",14,"Daniel Carlson",LV,"K19","30","272","321","289.8","17.2","-"
"335",14,"Los Angeles Chargers",LAC,"DST16","-","277","304","289.8","8.8","-"
"336",14,"Evan McPherson",CIN,"K20","26","269","361","307.0","30.2","-72"
"337",14,"Ty Johnson",BUF,"RB91","27","283","384","319.0","32.6","-"
"338",14,"Tez Johnson",TB,"WR125","23","227","366","292.0","50.8","-21"
"339",14,"Josh Reynolds",NYJ,"WR126","30","159","312","230.3","62.9","-"
"340",14,"Dawson Knox",BUF,"TE50","28","256","339","293.6","30.9","-"
"341",14,"Devontez Walker",BAL,"WR127","24","241","369","294.6","55.5","-"
"342",14,"Raheem Mostert",LV,"RB92","33","288","326","310.7","12.7","-29"
"343",14,"New Orleans Saints",NO,"DST17","-","243","303","273.5","28.1","-"
"344",14,"Green Bay Packers",GB,"DST18","-","288","311","296.4","8.3","-59"
"345",14,"Cam Akers",FA,"RB93","26","212","335","274.3","48.1","-"
"346",14,"Kirk Cousins",ATL,"QB38","37","256","371","312.0","50.3","-"
"347",14,"Jalen Nailor",MIN,"WR128","26","252","345","277.0","39.3","-"
"348",14,"Khalil Herbert",FA,"RB94","27","261","341","299.0","25.7","-65"
"349",14,"Atlanta Falcons",ATL,"DST19","-","253","300","278.8","17.7","-"
"350",14,"Kansas City Chiefs",KC,"DST20","-","254","296","279.3","15.6","-92"
"351",14,"LeQuint Allen Jr.",JAC,"RB95","21","235","348","301.0","37.0","-54"
"352",14,"Jacob Cowing",SF,"WR129","24","208","367","301.6","57.6","-"
"353",14,"Cam Little",JAC,"K21","22","270","332","301.8","23.1","-69"
"354",14,"Demarcus Robinson",SF,"WR130","30","255","358","302.6","44.5","-"
"355",14,"A.J. Dillon",PHI,"RB96","27","258","379","305.0","44.9","-"
"356",14,"Jalin Hyatt",NYG,"WR131","23","272","359","305.2","35.2","-"
"357",14,"Gabe Davis",FA,"WR132","26","230","293","254.0","27.8","-"
"358",14,"Olamide Zaccheaus",CHI,"WR133","28","228","290","256.0","25.7","-"
"359",14,"Detroit Lions",DET,"DST21","-","241","353","291.5","40.1","-120"
"360",14,"Emanuel Wilson",GB,"RB97","26","232","371","311.0","45.1","-"
"361",14,"Dillon Gabriel",CLE,"QB39","24","222","333","267.3","47.5","-"
"362",14,"Darnell Washington",PIT,"TE51","24","244","300","268.0","23.6","-"
"363",14,"Jordan Watkins",SF,"WR134","23","195","361","297.8","68.2","-71"
"364",14,"Zamir White",LV,"RB98","25","290","330","315.6","13.5","-88"
"365",14,"New York Jets",NYJ,"DST22","-","249","292","269.7","17.6","-"
"366",14,"Ricky White III",SEA,"WR135","23","217","310","270.3","39.2","-"
"367",14,"Alexander Mattison",MIA,"RB99","27","307","352","318.6","17.0","-"
"368",15,"Erick All Jr.",CIN,"TE52","24","254","366","302.8","42.5","-58"
"369",15,"Will Howard",PIT,"QB40","23","259","328","303.0","27.4","-51"
"370",15,"Ty Chandler",MIN,"RB100","27","303","353","321.2","16.9","-"
"371",15,"Arian Smith",NYJ,"WR136","23","184","359","280.3","72.5","-50"
"372",15,"Ray-Ray McCloud III",ATL,"WR137","28","219","243","231.0","12.0","-86"
"373",15,"Chase McLaughlin",TB,"K22","29","271","355","309.0","31.8","-112"
"374",15,"Raheim Sanders",CLE,"RB101","23","221","337","284.3","48.0","-"
"375",15,"Kalel Mullings",TEN,"RB102","22","237","238","237.5","0.5","-55"
"376",15,"Sincere McCormick",SF,"RB103","24","241","312","287.7","33.0","-"
"377",15,"Zack Moss",FA,"RB104","27","296","369","327.8","25.6","-88"
"378",15,"Efton Chism III",NE,"WR138","23","171","310","240.5","69.5","-88"
"379",15,"Will Levis",TEN,"QB41","26","258","329","290.7","29.3","-"
"380",15,"Jamari Thrash",CLE,"WR139","24","254","343","292.7","37.3","-"
"381",15,"Rasheen Ali",BAL,"RB105","24","221","336","294.0","51.8","-"
"382",15,"Jameis Winston",NYG,"QB42","31","256","372","318.5","41.4","-"
"383",15,"Austin Hooper",NE,"TE53","30","269","316","298.3","20.9","-"
"384",15,"Van Jefferson",TEN,"WR140","29","266","360","299.0","43.2","-"
"385",15,"Greg Zuerlein",FA,"K23","37","291","317","301.3","11.3","-"
"386",15,"Dustin Hopkins",FA,"K24","34","274","325","302.0","21.1","-"
"387",15,"San Francisco 49ers",SF,"DST23","-","238","297","267.5","29.5","-128"
"388",15,"Quinn Ewers",MIA,"QB43","22","215","327","271.0","56.0","-"
"389",15,"Zay Jones",ARI,"WR141","30","257","289","273.0","16.0","-"
"390",15,"Samaje Perine",CIN,"RB106","29","284","347","319.0","26.2","-"
"391",15,"Gavin Bartholomew",MIN,"TE54","22","272","299","285.5","13.5","-"
"392",15,"Mack Hollins",NE,"WR142","31","298","340","320.0","17.2","-"
"393",15,"Kendrick Bourne",FA,"WR143","30","248","328","288.0","40.0","-"
"394",15,"Cleveland Browns",CLE,"DST24","-","275","302","288.5","13.5","-"
"395",15,"Cairo Santos",CHI,"K25","33","282","295","288.5","6.5","-"
"396",15,"Jake Bobo",SEA,"WR144","27","253","325","289.0","36.0","-"
"397",15,"Elijah Higgins",ARI,"TE55","24","264","363","321.7","42.0","-"
"398",15,"Phil Mafah",DAL,"RB107","22","305","338","322.3","13.5","-87"
"399",15,"Allen Lazard",NYJ,"WR145","29","197","386","291.5","94.5","-"
"400",15,"Jason Myers",SEA,"K26","34","287","301","294.0","7.0","-"
"401",15,"Donovan Edwards",WAS,"RB108","22","231","360","295.5","64.5","-"
"402",15,"Cincinnati Bengals",CIN,"DST25","-","302","370","326.7","30.7","-"
"403",15,"Tyquan Thornton",KC,"WR146","25","252","342","297.0","45.0","-"
"404",15,"Luke Schoonmaker",DAL,"TE56","26","300","346","327.3","19.8","-102"
"405",15,"Dylan Laube",LV,"RB109","25","319","372","342.5","21.6","-"
"406",15,"Tim Patrick",JAC,"WR147","31","292","309","300.5","8.5","-"
"407",15,"Las Vegas Raiders",LV,"DST26","-","304","349","330.0","19.0","-"
"408",15,"Trey Sermon",PIT,"RB110","26","306","356","331.0","20.4","-"
"409",15,"Gus Edwards",FA,"RB111","30","308","375","333.0","29.9","-"
"410",15,"Mitchell Evans",CAR,"TE57","22","270","346","308.0","38.0","-"
"411",15,"Tommy Tremble",CAR,"TE58","25","273","344","308.5","35.5","-"
"412",15,"Indianapolis Colts",IND,"DST27","-","306","311","308.5","2.5","-"
"413",15,"Aidan O'Connell",LV,"QB44","27","270","352","311.0","41.0","-"
"414",15,"Mason Rudolph",PIT,"QB45","30","254","373","313.5","59.5","-"
"415",15,"Daniel Bellinger",NYG,"TE59","24","298","329","313.5","15.5","-"
"416",15,"Jonathan Mingo",DAL,"WR148","24","306","321","313.5","7.5","-"
"417",15,"George Holani",SEA,"RB112","25","306","322","314.0","8.0","-"
"418",15,"Chad Ryland",ARI,"K27","25","289","342","315.5","26.5","-"
"419",15,"Michael Carter",ARI,"RB113","26","321","359","339.7","15.5","-"
"420",15,"Kenny Pickett",LV,"QB46","27","256","383","319.5","63.5","-"
"421",15,"Kalif Raymond",DET,"WR149","31","288","351","319.5","31.5","-"
"422",15,"Emari Demercado",ARI,"RB114","26","286","357","321.5","35.5","-"
"423",15,"Mitchell Trubisky",BUF,"QB47","31","267","377","322.0","55.0","-"
"424",16,"Jacksonville Jaguars",JAC,"DST28","-","307","338","322.5","15.5","-"
"425",16,"Sam Howell",PHI,"QB48","24","273","373","323.0","50.0","-"
"426",16,"Mac Jones",SF,"QB49","27","265","382","323.5","58.5","-"
"427",16,"Tennessee Titans",TEN,"DST29","-","299","348","323.5","24.5","-"
"428",16,"Gardner Minshew II",KC,"QB50","29","266","384","325.0","59.0","-"
"429",16,"New York Giants",NYG,"DST30","-","294","356","325.0","31.0","-124"
"430",16,"Marcus Mariota",WAS,"QB51","31","278","376","327.0","49.0","-"
"431",16,"Grant Calcaterra",PHI,"TE60","26","325","334","329.5","4.5","-"
"432",16,"Joe Milton III",DAL,"QB52","25","289","386","349.7","43.2","-"
"433",16,"Jimmy Garoppolo",LAR,"QB53","33","284","379","331.5","47.5","-"
"434",16,"Tyler Badie",DEN,"RB115","25","312","353","332.5","20.5","-"
"435",16,"Israel Abanikanda",GB,"RB116","22","317","362","339.5","22.5","-"
"436",16,"Jake Browning",CIN,"QB54","29","309","387","348.0","39.0","-"
"437",16,"Adam Trautman",DEN,"TE61","28","332","376","354.0","22.0","-"
"438",16,"Dare Ogunbowale",HOU,"RB117","31","354","358","356.0","2.0","-"
"439",16,"Marquez Valdes-Scantling",SF,"WR150","30","349","366","357.5","8.5","-"
"440",16,"Jarrett Stidham",DEN,"QB55","29","331","385","358.0","27.0","-"
"441",16,"Carson Wentz",MIN,"QB56","32","356","380","368.0","12.0","-"
"442",16,"Joshua Dobbs",NE,"QB57","30","378","383","380.5","2.5","-"
