"RK",TIERS,"PLAYER NAME",TEAM,"POS","AGE","BEST","WORST","AVG","STD.DEV","ECR VS. ADP"
"1",1,"Ja'Marr Chase",CIN,"WR1","25","1","1","1.0","0.0","0"
"2",1,"Justin Jefferson",MIN,"WR2","26","2","2","2.0","0.0","0"
"3",1,"CeeDee Lamb",DAL,"WR3","26","3","6","4.2","1.3","+2"
"4",1,"Bijan Robinson",ATL,"RB1","23","3","6","4.4","1.1","-1"
"5",1,"Malik Nabers",NYG,"WR4","22","3","7","4.5","1.2","-1"
"6",2,"Jahmyr Gibbs",DET,"RB2","23","4","9","6.3","1.5","0"
"7",2,"Ashton Jeanty",LV,"RB3","21","6","10","7.8","1.3","0"
"8",2,"Brian Thomas Jr.",JAC,"WR5","22","5","10","8.1","1.5","+3"
"9",2,"Puka Nacua",LAR,"WR6","24","6","11","8.7","1.4","-1"
"10",2,"Amon-Ra St. Brown",DET,"WR7","25","6","14","10.4","2.3","-1"
"11",2,"Nico Collins",HOU,"WR8","26","10","13","11.4","1.0","+2"
"12",3,"Drake London",ATL,"WR9","24","9","16","13.0","2.0","+2"
"13",3,"Saquon Barkley",PHI,"RB4","28","10","23","15.1","3.6","-3"
"14",3,"Brock Bowers",LV,"TE1","22","8","28","15.8","6.3","-2"
"15",3,"Ladd McConkey",LAC,"WR10","23","15","24","17.4","2.5","0"
"16",3,"De'Von Achane",MIA,"RB5","23","14","26","19.0","4.5","0"
"17",3,"Jaxon Smith-Njigba",SEA,"WR11","23","14","31","19.4","4.4","0"
"18",3,"A.J. Brown",PHI,"WR12","28","13","26","19.6","3.9","+2"
"19",3,"Omarion Hampton",LAC,"RB6","22","15","28","19.9","4.8","+4"
"20",4,"Garrett Wilson",NYJ,"WR13","25","19","27","21.8","2.6","+6"
"21",4,"Tetairoa McMillan",CAR,"WR14","22","15","37","23.3","6.7","+9"
"22",4,"Marvin Harrison Jr.",ARI,"WR15","23","20","31","23.9","3.3","-3"
"23",4,"Jonathan Taylor",IND,"RB7","26","12","49","24.6","10.4","+4"
"24",4,"Trey McBride",ARI,"TE2","25","13","33","24.6","5.8","-6"
"25",4,"Josh Allen",BUF,"QB1","29","19","36","26.1","5.0","-4"
"26",4,"Jayden Daniels",WAS,"QB2","24","18","38","27.1","4.5","-2"
"27",4,"Bucky Irving",TB,"RB8","23","23","40","27.7","5.2","-5"
"28",4,"Tee Higgins",CIN,"WR16","26","21","35","28.6","3.7","+1"
"29",4,"Lamar Jackson",BAL,"QB3","28","20","53","28.8","8.9","-4"
"30",4,"Travis Hunter",JAC,"WR17","22","22","36","29.6","4.6","+2"
"31",4,"Breece Hall",NYJ,"RB9","24","18","54","31.0","10.1","-3"
"32",5,"Rashee Rice",KC,"WR18","25","29","50","35.6","7.3","-1"
"33",5,"Joe Burrow",CIN,"QB4","28","22","53","37.3","7.5","+5"
"34",5,"DeVonta Smith",PHI,"WR19","26","27","45","37.5","5.4","+3"
"35",5,"TreVeyon Henderson",NE,"RB10","22","27","52","37.8","7.1","+1"
"36",5,"Chase Brown",CIN,"RB11","25","20","64","39.4","11.2","+10"
"37",5,"Kyren Williams",LAR,"RB12","25","22","52","39.4","7.2","-4"
"38",5,"Josh Jacobs",GB,"RB13","27","24","63","39.9","12.0","+3"
"39",5,"Sam LaPorta",DET,"TE3","24","30","58","41.2","6.9","+5"
"40",5,"Emeka Egbuka",TB,"WR20","22","30","55","41.3","8.3","+11"
"41",5,"Jalen Hurts",PHI,"QB5","27","34","51","42.3","5.1","-2"
"42",5,"Zay Flowers",BAL,"WR21","24","36","51","42.7","5.0","+6"
"43",5,"Rome Odunze",CHI,"WR22","23","34","59","42.9","7.1","+2"
"44",5,"James Cook",BUF,"RB14","25","33","55","44.5","6.9","+5"
"45",6,"Patrick Mahomes II",KC,"QB6","29","38","54","46.2","5.1","+16"
"46",6,"DK Metcalf",PIT,"WR23","27","36","58","46.4","6.5","+9"
"47",6,"Xavier Worthy",KC,"WR24","22","30","79","47.2","15.4","-5"
"48",6,"Kenneth Walker III",SEA,"RB15","24","38","63","47.7","7.9","-5"
"49",6,"Jameson Williams",DET,"WR25","24","41","79","50.5","11.6","+9"
"50",6,"Jordan Addison",MIN,"WR26","23","39","71","51.5","8.3","+13"
"51",6,"Jaylen Waddle",MIA,"WR27","26","38","67","52.5","9.5","+11"
"52",6,"Tyler Warren",IND,"TE4","23","41","73","53.8","10.5","+5"
"53",6,"DJ Moore",CHI,"WR28","28","33","79","54.2","12.4","-1"
"54",6,"RJ Harvey",DEN,"RB16","24","35","70","54.8","10.1","-4"
"55",6,"George Kittle",SF,"TE5","31","47","75","56.6","8.5","-2"
"56",6,"Christian McCaffrey",SF,"RB17","29","48","71","57.0","7.0","-21"
"57",6,"T.J. Hockenson",MIN,"TE6","28","47","72","59.0","8.2","+12"
"58",6,"George Pickens",DAL,"WR29","24","39","83","59.4","13.5","+2"
"59",6,"Derrick Henry",BAL,"RB18","31","50","67","59.9","5.1","-25"
"60",6,"Terry McLaurin",WAS,"WR30","29","47","81","60.1","9.3","-20"
"61",6,"Chris Olave",NO,"WR31","25","37","77","60.2","11.6","+3"
"62",6,"Justin Herbert",LAC,"QB7","27","46","85","60.3","11.1","+31"
"63",7,"Kaleb Johnson",PIT,"RB19","22","52","79","63.5","9.6","-9"
"64",7,"Colston Loveland",CHI,"TE7","21","50","75","65.5","6.5","+2"
"65",7,"Jerry Jeudy",CLE,"WR32","26","46","80","67.5","9.7","+9"
"66",7,"Bo Nix",DEN,"QB8","25","47","106","70.9","17.8","+6"
"67",7,"Ricky Pearsall",SF,"WR33","24","37","93","71.4","15.1","+13"
"68",7,"Drake Maye",NE,"QB9","23","52","93","72.0","13.3","+15"
"69",7,"C.J. Stroud",HOU,"QB10","23","56","103","73.5","15.3","+34"
"70",7,"Matthew Golden",GB,"WR34","22","57","93","74.0","9.4","0"
"71",7,"Davante Adams",LAR,"WR35","32","58","94","74.5","11.6","-3"
"72",7,"Quinshon Judkins",CLE,"RB20","21","62","106","74.9","13.4","-25"
"73",7,"Chuba Hubbard",CAR,"RB21","26","65","86","76.1","5.5","-14"
"74",7,"Tucker Kraft",GB,"TE8","24","57","137","77.7","21.1","+22"
"75",7,"Caleb Williams",CHI,"QB11","23","56","128","78.3","24.5","+9"
"76",7,"Mike Evans",TB,"WR36","32","64","92","78.8","7.9","-11"
"77",7,"David Njoku",CLE,"TE9","29","62","110","79.6","12.4","+29"
"78",7,"Tyreek Hill",MIA,"WR37","31","69","102","80.0","8.2","-22"
"79",7,"Mark Andrews",BAL,"TE10","30","57","121","80.5","17.8","+8"
"80",7,"David Montgomery",DET,"RB22","28","78","91","83.1","4.2","-4"
"81",7,"Alvin Kamara",NO,"RB23","30","67","98","84.0","10.4","-14"
"82",8,"Jayden Higgins",HOU,"WR38","22","70","103","85.0","11.3","0"
"83",8,"Courtland Sutton",DEN,"WR39","29","61","97","86.1","11.3","-10"
"84",8,"Tony Pollard",TEN,"RB24","28","72","98","87.7","6.2","+16"
"85",8,"Josh Downs",IND,"WR40","24","57","116","88.5","15.6","+7"
"86",8,"Dalton Kincaid",BUF,"TE11","25","69","115","88.8","13.9","+8"
"87",8,"Kyler Murray",ARI,"QB12","28","58","137","89.0","28.8","+10"
"88",8,"Jordan Love",GB,"QB13","26","61","125","89.0","16.8","+33"
"89",8,"Brandon Aiyuk",SF,"WR41","27","67","146","89.1","20.7","-8"
"90",8,"D'Andre Swift",CHI,"RB25","26","81","102","89.3","5.9","-1"
"91",8,"Luther Burden III",CHI,"WR42","21","66","116","90.2","15.8","-16"
"92",8,"Brock Purdy",SF,"QB14","25","55","143","90.7","25.1","+34"
"93",8,"Isiah Pacheco",KC,"RB26","26","68","124","91.7","17.1","-16"
"94",8,"Chris Godwin Jr.",TB,"WR43","29","75","116","95.5","10.5","-3"
"95",8,"Jayden Reed",GB,"WR44","25","77","117","96.1","12.1","-9"
"96",8,"Evan Engram",DEN,"TE12","31","69","135","97.0","20.6","+27"
"97",8,"Calvin Ridley",TEN,"WR45","30","81","104","97.2","6.5","+2"
"98",8,"Khalil Shakir",BUF,"WR46","25","75","116","98.0","12.5","-10"
"99",8,"Michael Pittman Jr.",IND,"WR47","27","81","105","98.2","6.7","+6"
"100",8,"James Conner",ARI,"RB27","30","90","106","98.3","5.6","-21"
"101",8,"Baker Mayfield",TB,"QB15","30","72","132","100.2","18.1","+12"
"102",8,"Trevor Lawrence",JAC,"QB16","25","70","126","101.1","17.4","+49"
"103",8,"Tre' Harris",LAC,"WR48","23","71","136","102.5","19.4","-1"
"104",8,"Tyrone Tracy Jr.",NYG,"RB28","25","88","122","103.6","12.7","-14"
"105",8,"Jakobi Meyers",LV,"WR49","28","97","121","107.0","6.1","-1"
"106",8,"Keon Coleman",BUF,"WR50","22","81","145","109.3","15.2","+5"
"107",9,"Jauan Jennings",SF,"WR51","28","91","130","109.8","10.9","-6"
"108",9,"Aaron Jones Sr.",MIN,"RB29","30","88","132","111.1","14.4","-10"
"109",9,"Kyle Pitts Sr.",ATL,"TE13","24","96","123","111.2","8.5","-1"
"110",9,"Cam Skattebo",NYG,"RB30","23","80","136","111.5","17.9","-32"
"111",9,"Travis Kelce",KC,"TE14","35","78","156","115.1","19.1","+1"
"112",9,"J.J. McCarthy",MIN,"QB17","22","96","147","115.3","14.1","+18"
"113",9,"Dak Prescott",DAL,"QB18","32","95","150","118.5","14.5","+28"
"114",9,"Deebo Samuel Sr.",WAS,"WR52","29","101","150","118.5","14.4","-5"
"115",9,"Trey Benson",ARI,"RB31","23","88","157","119.8","18.6","-1"
"116",9,"Zach Charbonnet",SEA,"RB32","24","74","164","120.5","28.4","-9"
"117",9,"Stefon Diggs",NE,"WR53","31","101","131","120.7","9.7","-2"
"118",9,"Mason Taylor",NYJ,"TE15","21","88","160","122.0","18.9","+16"
"119",9,"Jared Goff",DET,"QB19","30","95","158","122.2","18.9","+21"
"120",9,"Isaiah Likely",BAL,"TE16","25","81","203","122.4","33.0","0"
"121",9,"Travis Etienne Jr.",JAC,"RB33","26","95","158","123.2","18.4","-36"
"122",9,"Dallas Goedert",PHI,"TE17","30","95","144","125.3","14.1","+35"
"123",9,"Darnell Mooney",ATL,"WR54","27","115","145","125.7","8.5","+10"
"124",9,"Bhayshul Tuten",JAC,"RB34","23","90","186","127.4","27.1","-14"
"125",9,"Jake Ferguson",DAL,"TE18","26","114","180","129.2","18.3","+10"
"126",9,"Jacory Croskey-Merritt",WAS,"RB35","24","102","156","129.4","19.4","+81"
"127",9,"Jaylen Warren",PIT,"RB36","26","108","158","129.9","12.6","-9"
"128",9,"Elijah Arroyo",SEA,"TE19","22","86","174","130.4","21.7","+37"
"129",9,"Rashid Shaheed",NO,"WR55","27","113","155","130.6","12.2","+3"
"130",9,"Cam Ward",TEN,"QB20","23","109","157","131.2","14.4","+1"
"131",9,"Marvin Mims Jr.",DEN,"WR56","23","97","175","131.9","20.1","+16"
"132",9,"Jordan Mason",MIN,"RB37","26","109","165","132.3","17.3","-5"
"133",9,"Cedric Tillman",CLE,"WR57","25","112","161","134.8","14.1","+22"
"134",9,"Michael Penix Jr.",ATL,"QB21","25","123","184","136.0","16.9","+16"
"135",9,"Joe Mixon",HOU,"RB38","29","94","185","136.1","32.7","-64"
"136",9,"Jaylin Noel",HOU,"WR58","23","113","214","137.7","29.8","+6"
"137",10,"Cooper Kupp",SEA,"WR59","32","109","171","139.1","18.8","-20"
"138",10,"Jack Bech",LV,"WR60","22","115","175","139.8","20.7","-13"
"139",10,"Terrance Ferguson",LAR,"TE20","22","106","180","141.4","22.4","+20"
"140",10,"Kyle Williams",NE,"WR61","22","122","175","141.6","15.6","-21"
"141",10,"Justin Fields",NYJ,"QB22","26","120","159","142.6","11.2","+15"
"142",10,"Najee Harris",LAC,"RB39","27","124","168","143.9","12.9","-20"
"143",10,"Bryce Young",CAR,"QB23","24","112","168","144.6","13.6","+21"
"144",10,"Rashod Bateman",BAL,"WR62","25","119","175","145.3","16.5","-7"
"145",10,"Jalen McMillan",TB,"WR63","23","115","212","145.8","26.3","+4"
"146",10,"Christian Kirk",HOU,"WR64","28","130","164","146.6","10.2","+21"
"147",10,"Braelon Allen",NYJ,"RB40","21","92","178","148.4","22.3","+1"
"148",10,"Rhamondre Stevenson",NE,"RB41","27","114","182","148.4","19.7","-19"
"149",10,"Tank Bigsby",JAC,"RB42","23","129","166","148.6","11.6","-13"
"150",10,"Xavier Legette",CAR,"WR65","24","121","173","149.7","14.0","-4"
"151",10,"Javonte Williams",DAL,"RB43","25","133","178","154.6","15.1","-23"
"152",10,"Brenton Strange",JAC,"TE21","24","118","225","154.9","29.7","+25"
"153",10,"Tua Tagovailoa",MIA,"QB24","27","138","187","154.9","15.1","+45"
"154",10,"Jaxson Dart",NYG,"QB25","22","139","196","156.1","15.2","+16"
"155",10,"Romeo Doubs",GB,"WR66","25","137","172","156.9","11.0","+16"
"156",10,"Jalen Coker",CAR,"WR67","23","118","183","157.1","23.3","+32"
"157",10,"Elic Ayomanor",TEN,"WR68","22","123","197","159.6","20.4","+22"
"158",10,"Jonnu Smith",PIT,"TE22","30","121","193","160.6","20.2","-6"
"159",10,"Rachaad White",TB,"RB44","26","117","202","161.6","23.0","-20"
"160",10,"Jaydon Blue",DAL,"RB45","21","119","189","161.7","22.0","-44"
"161",10,"Harold Fannin Jr.",CLE,"TE23","21","116","254","163.9","38.1","+12"
"162",10,"Dylan Sampson",CLE,"RB46","20","120","191","164.9","24.5","-17"
"163",10,"Brian Robinson Jr.",SF,"RB47","26","143","202","165.2","15.5","-68"
"164",10,"Wan'Dale Robinson",NYG,"WR69","24","134","196","166.0","18.8","-6"
"165",10,"Marquise Brown",KC,"WR70","28","135","207","166.3","23.6","+4"
"166",10,"Sam Darnold",SEA,"QB26","28","141","211","166.9","24.4","+83"
"167",10,"Tyjae Spears",TEN,"RB48","24","134","185","167.0","14.5","-43"
"168",10,"Isaac TeSlaa",DET,"WR71","23","138","206","168.1","21.9","+24"
"169",10,"Tory Horton",SEA,"WR72","22","124","238","168.7","30.6","+40"
"170",10,"Hunter Henry",NE,"TE24","30","133","203","170.6","23.8","+27"
"171",10,"J.K. Dobbins",DEN,"RB49","26","125","212","170.7","26.8","-33"
"172",10,"Joshua Palmer",BUF,"WR73","25","133","196","171.6","17.1","+21"
"173",10,"Pat Freiermuth",PIT,"TE25","26","151","202","173.0","17.2","+3"
"174",10,"DeMario Douglas",NE,"WR74","24","143","193","173.7","14.0","0"
"175",10,"Jalen Royals",KC,"WR75","22","148","211","173.9","17.6","-12"
"176",11,"Ray Davis",BUF,"RB50","25","151","193","174.2","14.5","-33"
"177",11,"Quentin Johnston",LAC,"WR76","23","132","225","174.9","22.4","-15"
"178",11,"Cade Otton",TB,"TE26","26","135","209","179.0","21.6","-6"
"179",11,"Adonai Mitchell",IND,"WR77","22","138","264","182.6","35.5","+5"
"180",11,"Anthony Richardson Sr.",IND,"QB27","23","154","242","185.4","25.8","+24"
"181",11,"Pat Bryant",DEN,"WR78","22","135","249","186.0","30.2","-20"
"182",11,"Geno Smith",LV,"QB28","34","147","244","187.1","33.1","+80"
"183",11,"Christian Watson",GB,"WR79","26","162","215","187.1","13.7","+34"
"184",11,"Troy Franklin",DEN,"WR80","22","128","238","187.6","29.6","+36"
"185",11,"Matthew Stafford",LAR,"QB29","37","162","236","187.9","25.4","+34"
"186",11,"Ja'Tavion Sanders",CAR,"TE27","22","157","240","188.6","24.3","+24"
"187",11,"Chig Okonkwo",TEN,"TE28","25","155","207","189.0","16.7","+16"
"188",11,"Tank Dell",HOU,"WR81","25","169","278","191.8","31.3","-5"
"189",11,"Keenan Allen",LAC,"WR82","33","177","208","192.6","8.5","+55"
"190",11,"DJ Giddens",IND,"RB51","22","161","251","194.3","26.6","-12"
"191",11,"Jarquez Hunter",LAR,"RB52","22","120","309","199.7","46.2","-11"
"192",11,"Tyler Allgeier",ATL,"RB53","25","153","275","200.1","32.8","-38"
"193",11,"Nick Chubb",HOU,"RB54","29","146","281","200.6","44.1","-8"
"194",11,"Theo Johnson",NYG,"TE29","24","165","259","201.1","22.0","+53"
"195",11,"Blake Corum",LAR,"RB55","24","161","224","202.3","17.7","-29"
"196",11,"Ollie Gordon II",MIA,"RB56","21","149","291","204.6","36.2","-6"
"197",11,"Roman Wilson",PIT,"WR83","24","179","253","204.6","19.3","+16"
"198",11,"DeAndre Hopkins",BAL,"WR84","33","191","240","204.9","14.6","+25"
"199",11,"Cole Kmet",CHI,"TE30","26","174","260","205.2","25.3","+19"
"200",11,"Mike Gesicki",CIN,"TE31","29","177","237","206.8","16.4","+14"
"201",11,"Rico Dowdle",CAR,"RB57","27","184","233","207.7","15.3","-33"
"202",11,"Jaylen Wright",MIA,"RB58","22","158","233","191.4","23.4","-49"
"203",11,"Dont'e Thornton Jr.",LV,"WR85","22","126","329","209.6","53.5","-12"
"204",11,"Michael Wilson",ARI,"WR86","25","170","285","211.3","29.5","+7"
"205",11,"Ben Sinnott",WAS,"TE32","23","165","302","213.0","44.3","+26"
"206",11,"Jerome Ford",CLE,"RB59","25","128","280","213.4","42.5","-20"
"207",11,"Isaac Guerendo",SF,"RB60","25","167","267","196.2","31.4","-63"
"208",11,"Dontayvion Wicks",GB,"WR87","24","174","377","213.8","53.0","+30"
"209",11,"Brashard Smith",KC,"RB61","22","169","244","214.7","20.2","-13"
"210",11,"Zach Ertz",WAS,"TE33","34","186","313","215.6","32.7","-9"
"211",11,"MarShawn Lloyd",GB,"RB62","24","180","268","217.8","27.1","-17"
"212",11,"Daniel Jones",IND,"QB30","28","172","261","219.8","28.6","-"
"213",11,"Dalton Schultz",HOU,"TE34","29","177","309","219.9","36.6","+106"
"214",11,"Alec Pierce",IND,"WR88","25","174","235","205.8","15.3","-33"
"215",11,"Tahj Brooks",CIN,"RB63","23","196","269","223.0","20.5","-9"
"216",11,"Woody Marks",HOU,"RB64","24","181","259","223.4","26.1","-21"
"217",11,"Jonathon Brooks",CAR,"RB65","22","144","313","224.1","51.2","-15"
"218",12,"Adam Thielen",MIN,"WR89","35","196","336","227.1","37.2","-10"
"219",12,"Tyler Shough",NO,"QB31","25","167","307","229.7","49.1","+90"
"220",12,"Roschon Johnson",CHI,"RB66","24","181","262","218.8","18.8","-33"
"221",12,"Jalen Milroe",SEA,"QB32","22","167","310","219.3","40.0","-22"
"222",12,"Andrei Iosivas",CIN,"WR90","25","208","276","235.4","22.4","+12"
"223",12,"Malik Washington",MIA,"WR91","24","173","272","223.7","29.4","+44"
"224",12,"Oronde Gadsden II",LAC,"TE35","22","181","317","223.9","48.8","-12"
"225",12,"Kyle Monangai",CHI,"RB67","23","183","303","239.3","30.2","-20"
"226",12,"Kendre Miller",NO,"RB68","23","174","297","241.3","39.7","-11"
"227",12,"Austin Ekeler",WAS,"RB69","30","163","282","241.9","39.3","-52"
"228",12,"Will Shipley",PHI,"RB70","23","182","302","241.9","39.0","-28"
"229",12,"Darius Slayton",NYG,"WR92","28","201","260","234.3","15.1","+42"
"230",12,"Elijah Moore",BUF,"WR93","25","218","318","250.3","28.1","+24"
"231",12,"Kayshon Boutte",NE,"WR94","23","198","279","237.6","27.3","+29"
"232",12,"Devin Neal",NO,"RB71","22","184","352","239.5","45.6","-72"
"233",12,"Amari Cooper",LV,"WR95","31","191","296","226.9","28.7","+45"
"234",12,"Juwan Johnson",NO,"TE36","28","209","320","243.2","31.2","+67"
"235",12,"Keaton Mitchell",BAL,"RB72","23","218","327","257.4","35.2","-3"
"236",12,"Tyler Lockett",TEN,"WR96","32","229","276","247.1","17.2","+15"
"237",12,"Spencer Rattler",NO,"QB33","24","242","327","265.0","35.8","-"
"238",12,"Russell Wilson",NYG,"QB34","36","205","303","239.8","26.9","-"
"239",12,"Trevor Etienne",CAR,"RB73","21","204","373","267.7","47.4","-57"
"240",12,"Savion Williams",GB,"WR97","23","182","368","241.6","64.5","+34"
"241",12,"Jordan James",SF,"RB74","21","187","320","260.1","43.0","-52"
"242",12,"Michael Mayer",LV,"TE37","24","180","337","264.1","47.8","-"
"243",12,"Jaleel McLaughlin",DEN,"RB75","24","227","367","276.1","38.5","+37"
"244",12,"Isaiah Bond",CLE,"WR98","21","185","400","266.1","63.1","+47"
"245",12,"Devaughn Vele",NO,"WR99","27","205","313","251.6","32.4","+8"
"246",12,"Tyler Conklin",LAC,"TE38","30","218","344","265.7","32.8","+23"
"247",12,"Jordan Whittington",LAR,"WR100","24","209","333","252.7","44.2","+32"
"248",12,"Aaron Rodgers",PIT,"QB35","41","204","340","236.3","43.9","+60"
"249",12,"Luke McCaffrey",WAS,"WR101","24","220","324","242.8","31.9","+40"
"250",13,"Shedeur Sanders",CLE,"QB36","23","230","293","251.5","20.6","-29"
"251",13,"Noah Fant",CIN,"TE39","27","212","316","251.8","33.4","-"
"252",13,"Miles Sanders",DAL,"RB76","28","223","313","267.8","30.4","+14"
"253",13,"Calvin Austin III",PIT,"WR102","26","206","291","253.5","26.0","+6"
"254",13,"Nick Westbrook-Ikhine",MIA,"WR103","28","227","345","270.0","40.8","-"
"255",13,"Tyler Higbee",LAR,"TE40","32","218","338","270.6","44.4","+59"
"256",13,"Brandon Aubrey",DAL,"K1","30","234","310","257.4","23.6","-32"
"257",13,"Diontae Johnson",FA,"WR104","29","193","308","238.7","43.3","+11"
"258",13,"Pittsburgh Steelers",PIT,"DST1","-","229","298","258.3","24.6","-30"
"259",13,"Tutu Atwell",LAR,"WR105","25","234","351","274.2","41.5","+58"
"260",13,"Dyami Brown",JAC,"WR106","25","198","346","261.3","49.6","-5"
"261",13,"Tai Felton",MIN,"WR107","22","189","347","261.8","54.8","+11"
"262",13,"Philadelphia Eagles",PHI,"DST2","-","228","323","263.4","32.6","-40"
"263",13,"Isaiah Davis",NYJ,"RB77","23","238","343","278.7","31.6","+44"
"264",13,"Chris Rodriguez Jr.",WAS,"RB78","25","222","368","298.9","44.5","-"
"265",13,"Gunnar Helm",TEN,"TE41","22","207","343","264.9","47.7","+23"
"266",13,"Noah Gray",KC,"TE42","26","205","318","265.4","33.6","+15"
"267",13,"Denver Broncos",DEN,"DST3","-","227","294","247.9","25.0","-42"
"268",13,"Jalen Tolbert",DAL,"WR108","26","225","385","279.8","52.3","+37"
"269",13,"Harrison Butker",KC,"K2","30","236","316","268.1","26.7","-29"
"270",13,"Tre Tucker",LV,"WR109","24","215","325","268.4","31.3","-22"
"271",13,"KeAndre Lambert-Smith",LAC,"WR110","23","185","317","228.2","43.3","+21"
"272",13,"Brandin Cooks",NO,"WR111","31","240","334","269.0","27.4","+10"
"273",13,"Parker Washington",JAC,"WR112","23","228","370","275.8","47.1","+10"
"274",13,"Los Angeles Rams",LAR,"DST4","-","227","318","261.9","37.2","+23"
"275",13,"Antonio Gibson",NE,"RB79","27","241","333","291.3","26.2","-"
"276",13,"Houston Texans",HOU,"DST5","-","239","307","279.1","21.0","-43"
"277",13,"Dameon Pierce",HOU,"RB80","25","275","351","310.0","24.5","-"
"278",13,"AJ Barner",SEA,"TE43","23","207","368","281.1","45.6","+37"
"279",13,"Ja'Lynn Polk",NE,"WR113","23","211","315","246.2","34.0","-"
"280",13,"Minnesota Vikings",MIN,"DST6","-","234","345","282.8","34.1","-45"
"281",13,"Devin Singletary",NYG,"RB81","28","239","319","283.0","26.4","-"
"282",13,"Kareem Hunt",KC,"RB82","30","230","336","295.4","30.1","-41"
"283",13,"Jermaine Burton",CIN,"WR114","24","235","360","270.4","45.6","-33"
"284",13,"Luke Musgrave",GB,"TE44","25","240","342","285.4","38.8","-"
"285",13,"Jaylin Lane",WAS,"WR115","23","198","365","270.9","61.8","-12"
"286",13,"Will Reichard",MIN,"K3","24","244","302","261.0","22.5","-44"
"287",13,"Damien Martinez",SEA,"RB83","21","222","350","293.3","38.9","-11"
"288",13,"Jake Moody",SF,"K4","25","253","293","267.0","16.8","+11"
"289",13,"Jahan Dotson",PHI,"WR116","25","256","382","298.0","43.4","-"
"290",13,"Audric Estime",PHI,"RB84","21","257","343","285.3","26.4","+6"
"291",13,"Javon Baker",PHI,"WR117","23","240","331","268.7","30.1","-"
"292",13,"Cameron Dicker",LAC,"K5","25","252","350","299.0","32.6","-63"
"293",13,"Elijah Mitchell",KC,"RB85","27","229","361","300.4","36.1","-"
"294",13,"Matt Gay",WAS,"K6","31","262","322","287.7","18.1","-"
"295",13,"Justice Hill",BAL,"RB86","27","264","329","300.8","18.3","-79"
"296",13,"Younghoe Koo",ATL,"K7","31","252","353","288.9","29.8","-1"
"297",13,"Kenneth Gainwell",PIT,"RB87","26","273","341","301.9","18.1","-"
"298",13,"Sean Tucker",TB,"RB88","23","218","380","302.8","49.3","-46"
"299",13,"Chimere Dike",TEN,"WR118","23","212","370","291.9","54.3","-24"
"300",13,"Chris Boswell",PIT,"K8","34","245","313","276.7","23.1","-61"
"301",13,"Joe Flacco",CLE,"QB37","40","215","342","254.4","45.1","-"
"302",13,"Blake Grupe",NO,"K9","26","216","278","254.8","22.1","-"
"303",14,"Joshua Karty",LAR,"K10","23","219","276","256.8","21.5","-"
"304",14,"Buffalo Bills",BUF,"DST7","-","233","296","262.6","24.4","-74"
"305",14,"Jason Sanders",MIA,"K11","29","275","360","299.3","26.3","-"
"306",14,"Dallas Cowboys",DAL,"DST8","-","254","355","285.8","34.5","-"
"307",14,"Curtis Samuel",BUF,"WR119","29","210","311","265.6","33.4","-"
"308",14,"Tyler Bass",BUF,"K12","28","257","365","301.4","33.8","-65"
"309",14,"Kirk Cousins",ATL,"QB38","37","247","371","302.7","51.8","-"
"310",14,"Arizona Cardinals",ARI,"DST9","-","170","309","268.6","50.5","-"
"311",14,"Taysom Hill",NO,"TE45","35","246","304","271.8","20.6","+1"
"312",14,"Miami Dolphins",MIA,"DST10","-","254","309","272.6","19.2","-"
"313",14,"Green Bay Packers",GB,"DST11","-","279","311","293.5","10.0","-29"
"314",14,"Chicago Bears",CHI,"DST12","-","271","323","293.7","19.6","-"
"315",14,"Los Angeles Chargers",LAC,"DST13","-","277","314","293.8","12.1","-"
"316",14,"Cade Stover",HOU,"TE46","25","233","367","294.0","44.8","-"
"317",14,"Brandon McManus",GB,"K13","34","242","310","275.4","23.3","-"
"318",14,"Jake Elliott",PHI,"K14","30","264","345","294.8","29.4","-54"
"319",14,"Ka'imi Fairbairn",HOU,"K15","31","251","312","277.4","23.0","-19"
"320",14,"Evan McPherson",CIN,"K16","26","269","361","309.7","28.7","-55"
"321",14,"Justin Tucker",FA,"K17","35","200","291","251.3","33.1","-"
"322",14,"Thomas Fidone II",NYG,"TE47","22","201","361","279.8","55.1","-"
"323",14,"New England Patriots",NE,"DST14","-","175","305","252.5","47.8","-29"
"324",14,"Daniel Carlson",LV,"K18","30","272","342","298.5","25.0","-"
"325",14,"Wil Lutz",DEN,"K19","31","243","314","281.4","22.6","-3"
"326",14,"Xavier Restrepo",TEN,"WR120","23","228","339","283.2","42.4","-81"
"327",14,"Washington Commanders",WAS,"DST15","-","263","302","284.4","13.8","-70"
"328",14,"Ty Johnson",BUF,"RB89","27","283","384","324.5","33.8","-"
"329",14,"Kimani Vidal",LAC,"RB90","24","242","386","303.3","44.5","-"
"330",14,"Raheem Mostert",LV,"RB91","33","288","348","316.0","17.6","-17"
"331",14,"Baltimore Ravens",BAL,"DST16","-","242","358","287.4","42.3","-104"
"332",14,"Jalin Hyatt",NYG,"WR121","23","272","359","305.2","32.2","-"
"333",14,"Chris Brooks",GB,"RB92","25","219","326","288.4","36.5","-"
"334",14,"Detroit Lions",DET,"DST17","-","241","353","288.8","36.3","-97"
"335",14,"Darren Waller",MIA,"TE48","32","216","332","264.0","43.7","-89"
"336",14,"Kansas City Chiefs",KC,"DST18","-","254","330","289.4","24.6","-78"
"337",14,"Malachi Corley",CLE,"WR122","23","253","334","289.8","29.1","-"
"338",14,"Dillon Gabriel",CLE,"QB39","24","222","333","266.0","41.2","-"
"339",14,"Cam Little",JAC,"K20","22","270","339","308.0","25.2","-83"
"340",14,"Jalen Nailor",MIN,"WR123","26","252","356","292.8","47.3","-"
"341",14,"Seattle Seahawks",SEA,"DST19","-","278","303","293.0","8.8","-39"
"342",14,"Josh Reynolds",NYJ,"WR124","30","159","394","271.3","89.4","-"
"343",14,"Jake Bates",DET,"K21","26","247","335","294.6","30.1","-117"
"344",14,"Gabe Davis",FA,"WR125","26","230","322","271.0","38.0","-"
"345",14,"Will Howard",PIT,"QB40","23","259","328","295.8","28.4","-27"
"346",14,"New Orleans Saints",NO,"DST20","-","243","303","273.5","28.1","-"
"347",14,"John Metchie III",PHI,"WR126","25","268","346","299.6","28.6","-"
"348",14,"Atlanta Falcons",ATL,"DST21","-","253","300","278.8","17.7","-"
"349",14,"LeQuint Allen Jr.",JAC,"RB93","21","235","348","301.0","37.0","-51"
"350",14,"Tez Johnson",TB,"WR127","23","263","366","303.4","40.3","-34"
"351",14,"Noah Brown",WAS,"WR128","29","255","372","305.2","51.5","-"
"352",14,"A.J. Dillon",PHI,"RB94","27","258","398","320.7","53.7","-"
"353",14,"Will Dissly",LAC,"TE49","29","236","378","305.4","48.7","-"
"354",14,"Jameis Winston",NYG,"QB41","31","256","372","307.0","43.6","-"
"355",14,"Zamir White",LV,"RB95","25","290","354","322.0","18.9","-78"
"356",14,"Chase McLaughlin",TB,"K22","29","271","355","308.8","28.4","-95"
"357",14,"Devontez Walker",BAL,"WR129","24","244","369","309.0","48.6","-"
"358",14,"Dawson Knox",BUF,"TE50","28","276","339","309.4","27.6","-"
"359",14,"Olamide Zaccheaus",CHI,"WR130","28","228","396","291.0","64.6","-"
"360",14,"Darnell Washington",PIT,"TE51","24","244","357","290.3","43.6","-"
"361",14,"Will Levis",TEN,"QB42","26","258","329","290.5","25.3","-"
"362",14,"Erick All Jr.",CIN,"TE52","24","254","366","311.4","41.8","-52"
"363",14,"KaVontae Turpin",DAL,"WR131","29","262","378","312.0","45.3","-"
"364",14,"Jordan Watkins",SF,"WR132","23","195","392","316.6","71.7","-71"
"365",15,"New York Jets",NYJ,"DST22","-","249","292","269.7","17.6","-"
"366",15,"Ricky White III",SEA,"WR133","23","217","388","299.8","61.2","-"
"367",15,"Zack Moss",FA,"RB96","27","296","369","330.5","24.1","-77"
"368",15,"Cam Akers",FA,"RB97","26","246","335","301.5","33.9","-"
"369",15,"Khalil Herbert",FA,"RB98","27","291","374","321.6","31.4","-84"
"370",15,"Arian Smith",NYJ,"WR134","23","184","379","305.0","76.0","-49"
"371",15,"Ray-Ray McCloud III",ATL,"WR135","28","219","382","281.3","71.8","-85"
"372",15,"Raheim Sanders",CLE,"RB99","23","221","337","284.3","48.0","-"
"373",15,"Alexander Mattison",MIA,"RB100","27","308","352","327.6","20.1","-"
"374",15,"Demarcus Robinson",SF,"WR136","30","270","381","327.8","46.1","-"
"375",15,"Sincere McCormick",SF,"RB101","24","241","389","313.0","52.4","-"
"376",15,"Rasheen Ali",BAL,"RB102","24","224","369","313.5","54.1","-"
"377",15,"Kalel Mullings",TEN,"RB103","22","237","238","237.5","0.5","-57"
"378",15,"Efton Chism III",NE,"WR137","23","171","393","291.3","91.6","-91"
"379",15,"Ty Chandler",MIN,"RB104","27","314","353","330.4","17.0","-"
"380",15,"Austin Hooper",NE,"TE53","30","269","371","316.5","36.3","-"
"381",15,"Jamari Thrash",CLE,"WR138","24","254","343","292.7","37.3","-"
"382",15,"Mason Rudolph",PIT,"QB43","30","254","373","298.3","53.1","-"
"383",15,"Kenny Pickett",LV,"QB44","27","256","383","298.3","59.9","-"
"384",15,"Aidan O'Connell",LV,"QB45","27","270","352","298.3","38.0","-"
"385",15,"Jacob Cowing",SF,"WR139","24","269","376","335.2","39.3","-"
"386",15,"Van Jefferson",TEN,"WR140","29","266","399","324.0","57.2","-"
"387",15,"Deshaun Watson",CLE,"QB46","29","223","289","256.0","33.0","-"
"388",15,"Greg Zuerlein",FA,"K23","37","291","317","301.3","11.3","-"
"389",15,"Mac Jones",SF,"QB47","27","258","382","301.7","56.9","-"
"390",15,"Dustin Hopkins",FA,"K24","34","274","325","302.0","21.1","-"
"391",15,"Emanuel Wilson",GB,"RB105","26","305","371","337.6","25.5","-"
"392",15,"Sam Howell",PHI,"QB48","24","270","373","305.3","47.9","-"
"393",15,"San Francisco 49ers",SF,"DST23","-","238","297","267.5","29.5","-130"
"394",15,"Gardner Minshew II",KC,"QB49","29","266","384","308.7","53.4","-"
"395",15,"Joe Milton III",DAL,"QB50","25","269","386","329.5","51.2","-"
"396",15,"Quinn Ewers",MIA,"QB51","22","215","327","271.0","56.0","-"
"397",15,"Zay Jones",ARI,"WR141","30","257","289","273.0","16.0","-"
"398",15,"Marcus Mariota",WAS,"QB52","31","278","376","312.0","45.3","-"
"399",15,"Kendrick Bourne",FA,"WR142","30","248","377","317.7","53.2","-"
"400",15,"Samaje Perine",CIN,"RB106","29","284","347","319.3","26.3","-"
"401",15,"Luke Schoonmaker",DAL,"TE54","26","300","366","337.0","23.9","-98"
"402",15,"Mack Hollins",NE,"WR143","31","298","395","338.8","35.7","-"
"403",15,"Gavin Bartholomew",MIN,"TE55","22","272","299","285.5","13.5","-"
"404",15,"Chad Ryland",ARI,"K25","25","289","342","321.0","23.0","-"
"405",15,"Elijah Higgins",ARI,"TE56","24","264","363","321.7","42.0","-"
"406",15,"Cleveland Browns",CLE,"DST24","-","275","302","288.5","13.5","-"
"407",15,"Cairo Santos",CHI,"K26","33","282","295","288.5","6.5","-"
"408",15,"Phil Mafah",DAL,"RB107","22","305","338","322.3","13.5","-97"
"409",15,"Jake Bobo",SEA,"WR144","27","253","325","289.0","36.0","-"
"410",15,"Allen Lazard",NYJ,"WR145","29","197","391","324.7","90.3","-"
"411",15,"Tyrod Taylor",NYJ,"QB53","36","248","340","294.0","46.0","-"
"412",15,"Jason Myers",SEA,"K27","34","287","301","294.0","7.0","-"
"413",15,"Jimmy Garoppolo",LAR,"QB54","33","284","379","326.3","39.5","-"
"414",15,"Cincinnati Bengals",CIN,"DST25","-","302","370","326.7","30.7","-"
"415",15,"Donovan Edwards",WAS,"RB108","22","231","360","295.5","64.5","-"
"416",15,"Dylan Laube",LV,"RB109","25","319","372","342.8","21.4","-"
"417",15,"Tyquan Thornton",KC,"WR146","25","252","342","297.0","45.0","-"
"418",15,"Tim Patrick",JAC,"WR147","31","292","384","328.3","40.0","-"
"419",15,"Daniel Bellinger",NYG,"TE57","24","298","360","329.0","25.3","-"
"420",15,"Las Vegas Raiders",LV,"DST26","-","304","349","330.0","19.0","-"
"421",15,"Trey Sermon",PIT,"RB110","26","306","356","331.0","20.4","-"
"422",15,"New York Giants",NYG,"DST27","-","294","356","332.3","27.4","-118"
"423",15,"Gus Edwards",FA,"RB111","30","308","375","333.0","29.9","-"
"424",15,"Jonathan Mingo",DAL,"WR148","24","306","375","334.0","29.6","-"
"425",15,"Mitchell Evans",CAR,"TE58","22","270","346","308.0","38.0","-"
"426",15,"Tommy Tremble",CAR,"TE59","25","273","344","308.5","35.5","-"
"427",15,"Indianapolis Colts",IND,"DST28","-","306","311","308.5","2.5","-"
"428",15,"Tyler Loop",BAL,"K28","24","309","315","312.0","3.0","-192"
"429",15,"Treylon Burks",TEN,"WR149","25","236","390","313.0","77.0","-"
"430",15,"George Holani",SEA,"RB112","25","306","322","314.0","8.0","-"
"431",15,"Michael Carter",ARI,"RB113","26","322","359","340.0","15.1","-"
"432",16,"Jake Browning",CIN,"QB55","29","309","387","342.3","32.8","-"
"433",16,"Kalif Raymond",DET,"WR150","31","288","351","319.5","31.5","-"
"434",16,"Mitchell Trubisky",BUF,"QB56","31","267","385","343.0","53.8","-"
"435",16,"Emari Demercado",ARI,"RB114","26","286","357","321.5","35.5","-"
"436",16,"Tampa Bay Buccaneers",TB,"DST29","-","298","345","321.5","23.5","-130"
"437",16,"Cooper Rush",BAL,"QB57","31","305","338","321.5","16.5","-"
"438",16,"Jacksonville Jaguars",JAC,"DST30","-","307","338","322.5","15.5","-"
"439",16,"Tennessee Titans",TEN,"DST31","-","299","348","323.5","24.5","-"
"440",16,"Grant Calcaterra",PHI,"TE60","26","325","334","329.5","4.5","-"
"441",16,"Greg Dortch",ARI,"WR151","27","281","380","330.5","49.5","-"
"442",16,"Tyler Badie",DEN,"RB115","25","312","353","332.5","20.5","-"
"443",16,"Zach Wilson",MIA,"QB58","26","291","381","336.0","45.0","-"
"444",16,"Israel Abanikanda",GB,"RB116","22","317","362","339.5","22.5","-"
"445",16,"Carson Wentz",MIN,"QB59","32","334","380","356.7","18.8","-"
"446",16,"Malik Willis",GB,"QB60","26","312","375","343.5","31.5","-"
"447",16,"Jarrett Stidham",DEN,"QB61","29","331","385","361.0","22.4","-"
"448",16,"Foster Moreau",NO,"TE61","28","328","373","350.5","22.5","-"
"449",16,"Adam Trautman",DEN,"TE62","28","332","376","354.0","22.0","-"
"450",16,"Marquez Valdes-Scantling",SF,"WR152","30","349","383","366.0","13.9","-"
"451",16,"Dare Ogunbowale",HOU,"RB117","31","354","358","356.0","2.0","-"
"452",16,"Drew Lock",SEA,"QB62","28","324","397","360.5","36.5","-"
"453",16,"Colby Parkinson",LAR,"TE63","26","362","369","365.5","3.5","-"
"454",16,"Trey Lance",LAC,"QB63","25","358","374","366.0","8.0","-"
"455",16,"Joshua Dobbs",NE,"QB64","30","378","387","382.7","3.7","-"
