"RK",TIERS,"PLAYER NAME",TEAM,"POS","BYE WEEK","UPSIDE ","BUST ","SOS SEASON","ECR VS. ADP"
"1",1,"Ja'Marr Chase",CIN,"WR1","10","Coach Upside rating","Coach Bust rating","3 out of 5 stars","0"
"2",1,"Bijan Robinson",ATL,"RB1","5","Coach Upside rating","Coach Bust rating","4 out of 5 stars","0"
"3",1,"Jahmyr Gibbs",DET,"RB2","8","Coach Upside rating","Coach Bust rating","2 out of 5 stars","+1"
"4",1,"CeeDee Lamb",DAL,"WR2","10","Coach Upside rating","Coach Bust rating","2 out of 5 stars","+2"
"5",1,"Saquon Barkley",PHI,"RB3","9","Coach Upside rating","Coach Bust rating","3 out of 5 stars","-2"
"6",1,"Justin Jefferson",MIN,"WR3","6","Coach Upside rating","Coach Bust rating","2 out of 5 stars","-1"
"7",2,"Malik Nabers",NYG,"WR4","14","Coach Upside rating","Coach Bust rating","2 out of 5 stars","+4"
"8",2,"Nico Collins",HOU,"WR5","6","Coach Upside rating","Coach Bust rating","4 out of 5 stars","+4"
"9",2,"Christian McCaffrey",SF,"RB4","14","Coach Upside rating","Coach Bust rating","3 out of 5 stars","-2"
"10",2,"Amon-Ra St. Brown",DET,"WR6","8","Coach Upside rating","Coach Bust rating","3 out of 5 stars","-1"
"11",2,"Derrick Henry",BAL,"RB5","7","Coach Upside rating","Coach Bust rating","4 out of 5 stars","-3"
"12",2,"Puka Nacua",LAR,"WR7","8","Coach Upside rating","Coach Bust rating","3 out of 5 stars","+1"
"13",2,"Ashton Jeanty",LV,"RB6","8","Coach Upside rating","Coach Bust rating","2 out of 5 stars","-3"
"14",2,"Brian Thomas Jr.",JAC,"WR8","8","Coach Upside rating","Coach Bust rating","4 out of 5 stars","+1"
"15",2,"Drake London",ATL,"WR9","5","Coach Upside rating","Coach Bust rating","3 out of 5 stars","+2"
"16",3,"De'Von Achane",MIA,"RB7","12","Coach Upside rating","Coach Bust rating","4 out of 5 stars","0"
"17",3,"A.J. Brown",PHI,"WR10","9","Coach Upside rating","Coach Bust rating","3 out of 5 stars","+6"
"18",3,"Brock Bowers",LV,"TE1","8","Coach Upside rating","Coach Bust rating","2 out of 5 stars","+2"
"19",3,"Jonathan Taylor",IND,"RB8","11","Coach Upside rating","Coach Bust rating","2 out of 5 stars","-1"
"20",3,"Josh Jacobs",GB,"RB9","5","Coach Upside rating","Coach Bust rating","4 out of 5 stars","-6"
"21",3,"Bucky Irving",TB,"RB10","9","Coach Upside rating","Coach Bust rating","3 out of 5 stars","-2"
"22",3,"Chase Brown",CIN,"RB11","10","Coach Upside rating","Coach Bust rating","4 out of 5 stars","-1"
"23",3,"Trey McBride",ARI,"TE2","8","Coach Upside rating","Coach Bust rating","5 out of 5 stars","+4"
"24",3,"Ladd McConkey",LAC,"WR11","12","Coach Upside rating","Coach Bust rating","3 out of 5 stars","+2"
"25",3,"Josh Allen",BUF,"QB1","7","Coach Upside rating","Coach Bust rating","4 out of 5 stars","-3"
"26",3,"Lamar Jackson",BAL,"QB2","7","Coach Upside rating","Coach Bust rating","3 out of 5 stars","-2"
"27",3,"Kyren Williams",LAR,"RB12","8","Coach Upside rating","Coach Bust rating","3 out of 5 stars","-2"
"28",4,"Jaxon Smith-Njigba",SEA,"WR12","8","Coach Upside rating","Coach Bust rating","3 out of 5 stars","+5"
"29",4,"Tee Higgins",CIN,"WR13","10","Coach Upside rating","Coach Bust rating","3 out of 5 stars","+3"
"30",4,"George Kittle",SF,"TE3","14","Coach Upside rating","Coach Bust rating","3 out of 5 stars","+4"
"31",4,"Jayden Daniels",WAS,"QB3","12","Coach Upside rating","Coach Bust rating","2 out of 5 stars","-2"
"32",4,"Mike Evans",TB,"WR14","9","Coach Upside rating","Coach Bust rating","3 out of 5 stars","+7"
"33",4,"Garrett Wilson",NYJ,"WR15","9","Coach Upside rating","Coach Bust rating","4 out of 5 stars","+9"
"34",4,"Tyreek Hill",MIA,"WR16","12","Coach Upside rating","Coach Bust rating","3 out of 5 stars","-3"
"35",4,"James Cook",BUF,"RB13","7","Coach Upside rating","Coach Bust rating","4 out of 5 stars","-7"
"36",4,"Omarion Hampton",LAC,"RB14","12","Coach Upside rating","Coach Bust rating","2 out of 5 stars","-6"
"37",4,"Davante Adams",LAR,"WR17","8","Coach Upside rating","Coach Bust rating","3 out of 5 stars","+8"
"38",4,"Jalen Hurts",PHI,"QB4","9","Coach Upside rating","Coach Bust rating","3 out of 5 stars","-3"
"39",4,"Kenneth Walker III",SEA,"RB15","8","Coach Upside rating","Coach Bust rating","3 out of 5 stars","+2"
"40",4,"Marvin Harrison Jr.",ARI,"WR18","8","Coach Upside rating","Coach Bust rating","4 out of 5 stars","0"
"41",4,"Terry McLaurin",WAS,"WR19","12","Coach Upside rating","Coach Bust rating","3 out of 5 stars","+2"
"42",4,"Alvin Kamara",NO,"RB16","11","Coach Upside rating","Coach Bust rating","4 out of 5 stars","-4"
"43",5,"Breece Hall",NYJ,"RB17","9","Coach Upside rating","Coach Bust rating","5 out of 5 stars","-6"
"44",5,"Courtland Sutton",DEN,"WR20","12","Coach Upside rating","Coach Bust rating","3 out of 5 stars","+8"
"45",5,"DK Metcalf",PIT,"WR21","5","Coach Upside rating","Coach Bust rating","4 out of 5 stars","+3"
"46",5,"DJ Moore",CHI,"WR22","5","Coach Upside rating","Coach Bust rating","2 out of 5 stars","+3"
"47",5,"Joe Burrow",CIN,"QB5","10","Coach Upside rating","Coach Bust rating","2 out of 5 stars","-11"
"48",5,"TreVeyon Henderson",NE,"RB18","14","Coach Upside rating","Coach Bust rating","4 out of 5 stars","-1"
"49",5,"Chuba Hubbard",CAR,"RB19","14","Coach Upside rating","Coach Bust rating","3 out of 5 stars","-5"
"50",5,"James Conner",ARI,"RB20","8","Coach Upside rating","Coach Bust rating","3 out of 5 stars","-4"
"51",5,"Tetairoa McMillan",CAR,"WR23","14","Coach Upside rating","Coach Bust rating","4 out of 5 stars","+10"
"52",5,"DeVonta Smith",PHI,"WR24","9","Coach Upside rating","Coach Bust rating","3 out of 5 stars","+3"
"53",5,"Jameson Williams",DET,"WR25","8","Coach Upside rating","Coach Bust rating","3 out of 5 stars","+9"
"54",5,"Xavier Worthy",KC,"WR26","10","Coach Upside rating","Coach Bust rating","3 out of 5 stars","+2"
"55",5,"Calvin Ridley",TEN,"WR27","10","Coach Upside rating","Coach Bust rating","4 out of 5 stars","+13"
"56",5,"George Pickens",DAL,"WR28","10","Coach Upside rating","Coach Bust rating","2 out of 5 stars","+4"
"57",5,"Tony Pollard",TEN,"RB21","10","Coach Upside rating","Coach Bust rating","2 out of 5 stars","0"
"58",5,"Zay Flowers",BAL,"WR29","7","Coach Upside rating","Coach Bust rating","3 out of 5 stars","+6"
"59",5,"Jaylen Waddle",MIA,"WR30","12","Coach Upside rating","Coach Bust rating","3 out of 5 stars","+11"
"60",5,"D'Andre Swift",CHI,"RB22","5","Coach Upside rating","Coach Bust rating","3 out of 5 stars","-1"
"61",5,"RJ Harvey",DEN,"RB23","12","Coach Upside rating","Coach Bust rating","2 out of 5 stars","-10"
"62",5,"David Montgomery",DET,"RB24","8","Coach Upside rating","Coach Bust rating","2 out of 5 stars","-8"
"63",5,"Isiah Pacheco",KC,"RB25","10","Coach Upside rating","Coach Bust rating","2 out of 5 stars","-5"
"64",5,"Sam LaPorta",DET,"TE4","8","Coach Upside rating","Coach Bust rating","3 out of 5 stars","-11"
"65",6,"Aaron Jones Sr.",MIN,"RB26","6","Coach Upside rating","Coach Bust rating","3 out of 5 stars","+1"
"66",6,"Patrick Mahomes II",KC,"QB6","10","Coach Upside rating","Coach Bust rating","3 out of 5 stars","-16"
"67",6,"Travis Hunter",JAC,"WR31","8","Coach Upside rating","Coach Bust rating","4 out of 5 stars","+5"
"68",6,"T.J. Hockenson",MIN,"TE5","6","Coach Upside rating","Coach Bust rating","3 out of 5 stars","-3"
"69",6,"Chris Olave",NO,"WR32","11","Coach Upside rating","Coach Bust rating","4 out of 5 stars","+8"
"70",6,"Baker Mayfield",TB,"QB7","9","Coach Upside rating","Coach Bust rating","2 out of 5 stars","-1"
"71",6,"Rome Odunze",CHI,"WR33","5","Coach Upside rating","Coach Bust rating","2 out of 5 stars","+7"
"72",6,"Tyrone Tracy Jr.",NYG,"RB27","14","Coach Upside rating","Coach Bust rating","3 out of 5 stars","+3"
"73",6,"Bo Nix",DEN,"QB8","12","Coach Upside rating","Coach Bust rating","4 out of 5 stars","-2"
"74",6,"Ricky Pearsall",SF,"WR34","14","Coach Upside rating","Coach Bust rating","4 out of 5 stars","+6"
"75",6,"Jerry Jeudy",CLE,"WR35","9","Coach Upside rating","Coach Bust rating","2 out of 5 stars","+1"
"76",6,"Rashee Rice",KC,"WR36","10","Coach Upside rating","Coach Bust rating","3 out of 5 stars","-9"
"77",6,"Emeka Egbuka",TB,"WR37","9","Coach Upside rating","Coach Bust rating","3 out of 5 stars","+6"
"78",6,"Kaleb Johnson",PIT,"RB28","5","Coach Upside rating","Coach Bust rating","4 out of 5 stars","-5"
"79",6,"Travis Kelce",KC,"TE6","10","Coach Upside rating","Coach Bust rating","3 out of 5 stars","-16"
"80",6,"Jaylen Warren",PIT,"RB29","5","Coach Upside rating","Coach Bust rating","4 out of 5 stars","-1"
"81",6,"Mark Andrews",BAL,"TE7","7","Coach Upside rating","Coach Bust rating","3 out of 5 stars","-7"
"82",6,"Kyler Murray",ARI,"QB9","8","Coach Upside rating","Coach Bust rating","4 out of 5 stars","+9"
"83",6,"Stefon Diggs",NE,"WR38","14","Coach Upside rating","Coach Bust rating","3 out of 5 stars","+4"
"84",6,"Dak Prescott",DAL,"QB10","10","Coach Upside rating","Coach Bust rating","2 out of 5 stars","+8"
"85",6,"Jakobi Meyers",LV,"WR39","8","Coach Upside rating","Coach Bust rating","4 out of 5 stars","+3"
"86",6,"Jordan Mason",MIN,"RB30","6","Coach Upside rating","Coach Bust rating","3 out of 5 stars","-1"
"87",6,"David Njoku",CLE,"TE8","9","Coach Upside rating","Coach Bust rating","3 out of 5 stars","-1"
"88",6,"Travis Etienne Jr.",JAC,"RB31","8","Coach Upside rating","Coach Bust rating","2 out of 5 stars","+1"
"89",7,"Deebo Samuel Sr.",WAS,"WR40","12","Coach Upside rating","Coach Bust rating","3 out of 5 stars","-5"
"90",7,"Evan Engram",DEN,"TE9","12","Coach Upside rating","Coach Bust rating","3 out of 5 stars","-8"
"91",7,"Zach Charbonnet",SEA,"RB32","8","Coach Upside rating","Coach Bust rating","3 out of 5 stars","+6"
"92",7,"Brock Purdy",SF,"QB11","14","Coach Upside rating","Coach Bust rating","4 out of 5 stars","+3"
"93",7,"Jordan Addison",MIN,"WR41","6","Coach Upside rating","Coach Bust rating","2 out of 5 stars","-3"
"94",7,"Justin Fields",NYJ,"QB12","9","Coach Upside rating","Coach Bust rating","5 out of 5 stars","+18"
"95",7,"Matthew Golden",GB,"WR42","5","Coach Upside rating","Coach Bust rating","2 out of 5 stars","-2"
"96",7,"Tucker Kraft",GB,"TE10","5","Coach Upside rating","Coach Bust rating","2 out of 5 stars","+3"
"97",7,"Jauan Jennings",SF,"WR43","14","Coach Upside rating","Coach Bust rating","4 out of 5 stars","+6"
"98",7,"Javonte Williams",DAL,"RB33","10","Coach Upside rating","Coach Bust rating","2 out of 5 stars","+12"
"99",7,"Tyler Warren",IND,"TE11","11","Coach Upside rating","Coach Bust rating","3 out of 5 stars","-3"
"100",7,"Justin Herbert",LAC,"QB13","12","Coach Upside rating","Coach Bust rating","3 out of 5 stars","+7"
"101",7,"Drake Maye",NE,"QB14","14","Coach Upside rating","Coach Bust rating","5 out of 5 stars","+17"
"102",7,"J.K. Dobbins",DEN,"RB34","12","Coach Upside rating","Coach Bust rating","2 out of 5 stars","-4"
"103",7,"Khalil Shakir",BUF,"WR44","7","Coach Upside rating","Coach Bust rating","3 out of 5 stars","+3"
"104",7,"Caleb Williams",CHI,"QB15","5","Coach Upside rating","Coach Bust rating","2 out of 5 stars","+10"
"105",7,"Jacory Croskey-Merritt",WAS,"RB35","12","Coach Upside rating","Coach Bust rating","2 out of 5 stars","+3"
"106",7,"Josh Downs",IND,"WR45","11","Coach Upside rating","Coach Bust rating","4 out of 5 stars","+17"
"107",7,"Jayden Reed",GB,"WR46","5","Coach Upside rating","Coach Bust rating","2 out of 5 stars","+4"
"108",7,"Jared Goff",DET,"QB16","8","Coach Upside rating","Coach Bust rating","2 out of 5 stars","-7"
"109",7,"Michael Pittman Jr.",IND,"WR47","11","Coach Upside rating","Coach Bust rating","4 out of 5 stars","+12"
"110",7,"Tank Bigsby",JAC,"RB36","8","Coach Upside rating","Coach Bust rating","2 out of 5 stars","-1"
"111",7,"Rhamondre Stevenson",NE,"RB37","14","Coach Upside rating","Coach Bust rating","4 out of 5 stars","+4"
"112",7,"Chris Godwin Jr.",TB,"WR48","9","Coach Upside rating","Coach Bust rating","3 out of 5 stars","-8"
"113",7,"Austin Ekeler",WAS,"RB38","12","Coach Upside rating","Coach Bust rating","2 out of 5 stars","+6"
"114",7,"Cooper Kupp",SEA,"WR49","8","Coach Upside rating","Coach Bust rating","3 out of 5 stars","-14"
"115",7,"Jordan Love",GB,"QB17","5","Coach Upside rating","Coach Bust rating","2 out of 5 stars","+18"
"116",7,"Trevor Lawrence",JAC,"QB18","8","Coach Upside rating","Coach Bust rating","3 out of 5 stars","+36"
"117",7,"Cam Skattebo",NYG,"RB39","14","Coach Upside rating","Coach Bust rating","3 out of 5 stars","-12"
"118",7,"Jake Ferguson",DAL,"TE12","10","Coach Upside rating","Coach Bust rating","2 out of 5 stars","+8"
"119",7,"J.J. McCarthy",MIN,"QB19","6","Coach Upside rating","Coach Bust rating","2 out of 5 stars","+15"
"120",7,"C.J. Stroud",HOU,"QB20","6","Coach Upside rating","Coach Bust rating","3 out of 5 stars","+8"
"121",7,"Keon Coleman",BUF,"WR50","7","Coach Upside rating","Coach Bust rating","3 out of 5 stars","+8"
"122",8,"Dalton Kincaid",BUF,"TE13","7","Coach Upside rating","Coach Bust rating","3 out of 5 stars","+3"
"123",8,"Darnell Mooney",ATL,"WR51","5","Coach Upside rating","Coach Bust rating","3 out of 5 stars","+25"
"124",8,"Braelon Allen",NYJ,"RB40","9","Coach Upside rating","Coach Bust rating","5 out of 5 stars","-11"
"125",8,"Dallas Goedert",PHI,"TE14","9","Coach Upside rating","Coach Bust rating","3 out of 5 stars","+10"
"126",8,"Colston Loveland",CHI,"TE15","5","Coach Upside rating","Coach Bust rating","4 out of 5 stars","-10"
"127",8,"Rashid Shaheed",NO,"WR52","11","Coach Upside rating","Coach Bust rating","4 out of 5 stars","+16"
"128",8,"Najee Harris",LAC,"RB41","12","Coach Upside rating","Coach Bust rating","2 out of 5 stars","-6"
"129",8,"Rachaad White",TB,"RB42","9","Coach Upside rating","Coach Bust rating","3 out of 5 stars","+16"
"130",8,"Brian Robinson Jr.",SF,"RB43","14","Coach Upside rating","Coach Bust rating","3 out of 5 stars","-36"
"131",8,"Trey Benson",ARI,"RB44","8","Coach Upside rating","Coach Bust rating","3 out of 5 stars","+13"
"132",8,"Christian Kirk",HOU,"WR53","6","Coach Upside rating","Coach Bust rating","4 out of 5 stars","+32"
"133",8,"Ray Davis",BUF,"RB45","7","Coach Upside rating","Coach Bust rating","4 out of 5 stars","+21"
"134",8,"Brandon Aiyuk",SF,"WR54","14","Coach Upside rating","Coach Bust rating","4 out of 5 stars","+7"
"135",8,"Joe Mixon",HOU,"RB46","6","Coach Upside rating","Coach Bust rating","2 out of 5 stars","-54"
"136",8,"Nick Chubb",HOU,"RB47","6","Coach Upside rating","Coach Bust rating","2 out of 5 stars","-16"
"137",8,"Jaydon Blue",DAL,"RB48","10","Coach Upside rating","Coach Bust rating","2 out of 5 stars","-6"
"138",8,"Kyle Pitts Sr.",ATL,"TE16","5","Coach Upside rating","Coach Bust rating","3 out of 5 stars","-8"
"139",8,"Quinshon Judkins",CLE,"RB49","9","Coach Upside rating","Coach Bust rating","4 out of 5 stars","-37"
"140",8,"Rashod Bateman",BAL,"WR55","7","Coach Upside rating","Coach Bust rating","3 out of 5 stars","+37"
"141",8,"Tua Tagovailoa",MIA,"QB21","12","Coach Upside rating","Coach Bust rating","5 out of 5 stars","+21"
"142",8,"Jerome Ford",CLE,"RB50","9","Coach Upside rating","Coach Bust rating","4 out of 5 stars","+4"
"143",8,"Bhayshul Tuten",JAC,"RB51","8","Coach Upside rating","Coach Bust rating","2 out of 5 stars","-3"
"144",8,"Tyler Allgeier",ATL,"RB52","5","Coach Upside rating","Coach Bust rating","4 out of 5 stars","+21"
"145",8,"Marvin Mims Jr.",DEN,"WR56","12","Coach Upside rating","Coach Bust rating","3 out of 5 stars","+4"
"146",8,"Tyjae Spears",TEN,"RB53","10","Coach Upside rating","Coach Bust rating","2 out of 5 stars","+10"
"147",8,"Cedric Tillman",CLE,"WR57","9","Coach Upside rating","Coach Bust rating","2 out of 5 stars","+63"
"148",8,"Dylan Sampson",CLE,"RB54","9","Coach Upside rating","Coach Bust rating","4 out of 5 stars","+7"
"149",8,"Bryce Young",CAR,"QB22","14","Coach Upside rating","Coach Bust rating","3 out of 5 stars","+22"
"150",8,"Luther Burden III",CHI,"WR58","5","Coach Upside rating","Coach Bust rating","2 out of 5 stars","+1"
"151",8,"Hunter Henry",NE,"TE17","14","Coach Upside rating","Coach Bust rating","3 out of 5 stars","+7"
"152",8,"Michael Penix Jr.",ATL,"QB23","5","Coach Upside rating","Coach Bust rating","4 out of 5 stars","+9"
"153",8,"Jayden Higgins",HOU,"WR59","6","Coach Upside rating","Coach Bust rating","4 out of 5 stars","-11"
"154",8,"Zach Ertz",WAS,"TE18","12","Coach Upside rating","Coach Bust rating","3 out of 5 stars","+5"
"155",8,"Geno Smith",LV,"QB24","8","Coach Upside rating","Coach Bust rating","3 out of 5 stars","+23"
"156",8,"Keenan Allen",LAC,"WR60","12","Coach Upside rating","Coach Bust rating","3 out of 5 stars","-17"
"157",8,"Matthew Stafford",LAR,"QB25","8","Coach Upside rating","Coach Bust rating","3 out of 5 stars","+13"
"158",8,"Jonnu Smith",PIT,"TE19","5","Coach Upside rating","Coach Bust rating","3 out of 5 stars","-22"
"159",9,"Romeo Doubs",GB,"WR61","5","Coach Upside rating","Coach Bust rating","2 out of 5 stars","+68"
"160",9,"Rico Dowdle",CAR,"RB55","14","Coach Upside rating","Coach Bust rating","3 out of 5 stars","0"
"161",9,"Adam Thielen",MIN,"WR62","6","Coach Upside rating","Coach Bust rating","2 out of 5 stars","+5"
"162",9,"Wan'Dale Robinson",NYG,"WR63","14","Coach Upside rating","Coach Bust rating","2 out of 5 stars","+60"
"163",9,"Marquise Brown",KC,"WR64","10","Coach Upside rating","Coach Bust rating","3 out of 5 stars","+5"
"164",9,"DeMario Douglas",NE,"WR65","14","Coach Upside rating","Coach Bust rating","3 out of 5 stars","+54"
"165",9,"Kyle Williams",NE,"WR66","14","Coach Upside rating","Coach Bust rating","3 out of 5 stars","+19"
"166",9,"Joshua Palmer",BUF,"WR67","7","Coach Upside rating","Coach Bust rating","3 out of 5 stars","+1"
"167",9,"Brenton Strange",JAC,"TE20","8","Coach Upside rating","Coach Bust rating","3 out of 5 stars","+20"
"168",9,"Cam Ward",TEN,"QB26","10","Coach Upside rating","Coach Bust rating","2 out of 5 stars","-15"
"169",9,"Tre' Harris",LAC,"WR68","12","Coach Upside rating","Coach Bust rating","3 out of 5 stars","+5"
"170",9,"Ollie Gordon II",MIA,"RB56","12","Coach Upside rating","Coach Bust rating","4 out of 5 stars","-20"
"171",9,"Xavier Legette",CAR,"WR69","14","Coach Upside rating","Coach Bust rating","4 out of 5 stars","+44"
"172",9,"Sam Darnold",SEA,"QB27","8","Coach Upside rating","Coach Bust rating","4 out of 5 stars","+4"
"173",9,"Chig Okonkwo",TEN,"TE21","10","Coach Upside rating","Coach Bust rating","3 out of 5 stars","+6"
"174",9,"Isaiah Likely",BAL,"TE22","7","Coach Upside rating","Coach Bust rating","3 out of 5 stars","+15"
"175",9,"Jalen Coker",CAR,"WR70","14","Coach Upside rating","Coach Bust rating","4 out of 5 stars","+62"
"176",9,"Quentin Johnston",LAC,"WR71","12","Coach Upside rating","Coach Bust rating","3 out of 5 stars","+96"
"177",9,"Isaac Guerendo",SF,"RB57","14","Coach Upside rating","Coach Bust rating","3 out of 5 stars","+4"
"178",9,"Denver Broncos",DEN,"DST1","12","Coach Upside rating–No rating available","Coach Bust rating–No rating available","4 out of 5 stars","-54"
"179",9,"Woody Marks",HOU,"RB58","6","Coach Upside rating","Coach Bust rating","2 out of 5 stars","+27"
"180",9,"Roschon Johnson",CHI,"RB59","5","Coach Upside rating","Coach Bust rating","3 out of 5 stars","+61"
"181",9,"Blake Corum",LAR,"RB60","8","Coach Upside rating","Coach Bust rating","3 out of 5 stars","+9"
"182",9,"Jaylen Wright",MIA,"RB61","12","Coach Upside rating","Coach Bust rating","4 out of 5 stars","+6"
"183",9,"Philadelphia Eagles",PHI,"DST2","9","Coach Upside rating–No rating available","Coach Bust rating–No rating available","2 out of 5 stars","-56"
"184",9,"Cade Otton",TB,"TE23","9","Coach Upside rating","Coach Bust rating","3 out of 5 stars","+8"
"185",9,"Pittsburgh Steelers",PIT,"DST3","5","Coach Upside rating–No rating available","Coach Bust rating–No rating available","3 out of 5 stars","-48"
"186",9,"Baltimore Ravens",BAL,"DST4","7","Coach Upside rating–No rating available","Coach Bust rating–No rating available","3 out of 5 stars","-39"
"187",9,"Mike Gesicki",CIN,"TE24","10","Coach Upside rating","Coach Bust rating","2 out of 5 stars","+21"
"188",9,"Minnesota Vikings",MIN,"DST5","6","Coach Upside rating–No rating available","Coach Bust rating–No rating available","2 out of 5 stars","-31"
"189",9,"Pat Freiermuth",PIT,"TE25","5","Coach Upside rating","Coach Bust rating","3 out of 5 stars","+7"
"190",9,"DeAndre Hopkins",BAL,"WR72","7","Coach Upside rating","Coach Bust rating","3 out of 5 stars","-15"
"191",9,"Will Shipley",PHI,"RB62","9","Coach Upside rating","Coach Bust rating","3 out of 5 stars","+26"
"192",9,"Chris Rodriguez Jr.",WAS,"RB63","12","Coach Upside rating","Coach Bust rating","2 out of 5 stars","+57"
"193",9,"Houston Texans",HOU,"DST6","6","Coach Upside rating–No rating available","Coach Bust rating–No rating available","2 out of 5 stars","-21"
"194",9,"Kyle Monangai",CHI,"RB64","5","Coach Upside rating","Coach Bust rating","3 out of 5 stars","+17"
"195",9,"Buffalo Bills",BUF,"DST7","7","Coach Upside rating–No rating available","Coach Bust rating–No rating available","5 out of 5 stars","-2"
"196",9,"Brandon Aubrey",DAL,"K1","10","Coach Upside rating","Coach Bust rating","4 out of 5 stars","-79"
"197",9,"Alec Pierce",IND,"WR73","11","Coach Upside rating","Coach Bust rating","4 out of 5 stars","+55"
"198",9,"Kansas City Chiefs",KC,"DST8","10","Coach Upside rating–No rating available","Coach Bust rating–No rating available","1 out of 5 stars","-18"
"199",10,"Mason Taylor",NYJ,"TE26","9","Coach Upside rating","Coach Bust rating","3 out of 5 stars","-1"
"200",10,"Detroit Lions",DET,"DST9","8","Coach Upside rating–No rating available","Coach Bust rating–No rating available","1 out of 5 stars","-14"
"201",10,"Cameron Dicker",LAC,"K2","12","Coach Upside rating","Coach Bust rating","5 out of 5 stars","-69"
"202",10,"Aaron Rodgers",PIT,"QB28","5","Coach Upside rating","Coach Bust rating","4 out of 5 stars","-29"
"203",10,"Jake Bates",DET,"K3","8","Coach Upside rating","Coach Bust rating","1 out of 5 stars","-65"
"204",10,"DJ Giddens",IND,"RB65","11","Coach Upside rating","Coach Bust rating","2 out of 5 stars","+25"
"205",10,"Kendre Miller",NO,"RB66","11","Coach Upside rating","Coach Bust rating","4 out of 5 stars","+34"
"206",10,"Seattle Seahawks",SEA,"DST10","8","Coach Upside rating–No rating available","Coach Bust rating–No rating available","3 out of 5 stars","+14"
"207",10,"Kareem Hunt",KC,"RB67","10","Coach Upside rating","Coach Bust rating","2 out of 5 stars","-44"
"208",10,"Los Angeles Rams",LAR,"DST11","8","Coach Upside rating–No rating available","Coach Bust rating–No rating available","3 out of 5 stars","+13"
"209",10,"Justice Hill",BAL,"RB68","7","Coach Upside rating","Coach Bust rating","4 out of 5 stars","+23"
"210",10,"Wil Lutz",DEN,"K4","12","Coach Upside rating","Coach Bust rating","5 out of 5 stars","-13"
"211",10,"Dameon Pierce",HOU,"RB69","6","Coach Upside rating","Coach Bust rating","2 out of 5 stars","+53"
"212",10,"Green Bay Packers",GB,"DST12","5","Coach Upside rating–No rating available","Coach Bust rating–No rating available","2 out of 5 stars","+2"
"213",10,"Daniel Jones",IND,"QB29","11","Coach Upside rating","Coach Bust rating","3 out of 5 stars","+40"
"214",10,"Michael Wilson",ARI,"WR74","8","Coach Upside rating–No rating available","Coach Bust rating–No rating available","4 out of 5 stars","+67"
"215",10,"Ka'imi Fairbairn",HOU,"K5","6","Coach Upside rating","Coach Bust rating","3 out of 5 stars","-33"
"216",10,"Darius Slayton",NYG,"WR75","14","Coach Upside rating","Coach Bust rating","2 out of 5 stars","+53"
"217",10,"Elic Ayomanor",TEN,"WR76","10","Coach Upside rating","Coach Bust rating","4 out of 5 stars","+34"
"218",10,"Chris Boswell",PIT,"K6","5","Coach Upside rating","Coach Bust rating","1 out of 5 stars","-49"
"219",10,"Dalton Schultz",HOU,"TE27","6","Coach Upside rating","Coach Bust rating","3 out of 5 stars","+35"
"220",10,"Chase McLaughlin",TB,"K7","9","Coach Upside rating","Coach Bust rating","3 out of 5 stars","-35"
"221",10,"Pat Bryant",DEN,"WR77","12","Coach Upside rating","Coach Bust rating","3 out of 5 stars","+24"
"222",10,"MarShawn Lloyd",GB,"RB70","5","Coach Upside rating","Coach Bust rating","4 out of 5 stars","+58"
"223",10,"Los Angeles Chargers",LAC,"DST13","12","Coach Upside rating–No rating available","Coach Bust rating–No rating available","5 out of 5 stars","+42"
"224",10,"Adonai Mitchell",IND,"WR78","11","Coach Upside rating","Coach Bust rating","4 out of 5 stars","+53"
"225",10,"Harrison Butker",KC,"K8","10","Coach Upside rating","Coach Bust rating","3 out of 5 stars","-42"
"226",10,"Keaton Mitchell",BAL,"RB71","7","Coach Upside rating","Coach Bust rating","4 out of 5 stars","-1"
"227",10,"Ja'Tavion Sanders",CAR,"TE28","14","Coach Upside rating","Coach Bust rating","4 out of 5 stars","+30"
"228",10,"Evan McPherson",CIN,"K9","10","Coach Upside rating","Coach Bust rating","1 out of 5 stars","-24"
"229",10,"New York Jets",NYJ,"DST14","9","Coach Upside rating–No rating available","Coach Bust rating–No rating available","5 out of 5 stars","-1"
"230",10,"Jaylin Noel",HOU,"WR79","6","Coach Upside rating","Coach Bust rating","4 out of 5 stars","+40"
"231",10,"San Francisco 49ers",SF,"DST15","14","Coach Upside rating–No rating available","Coach Bust rating–No rating available","5 out of 5 stars","-36"
"232",10,"Tyler Bass",BUF,"K10","7","Coach Upside rating","Coach Bust rating","2 out of 5 stars","-31"
"233",10,"Jack Bech",LV,"WR80","8","Coach Upside rating","Coach Bust rating","4 out of 5 stars","-2"
"234",10,"Andrei Iosivas",CIN,"WR81","10","Coach Upside rating","Coach Bust rating","3 out of 5 stars","+42"
"235",10,"Elijah Arroyo",SEA,"TE29","8","Coach Upside rating","Coach Bust rating","4 out of 5 stars","-36"
"236",10,"Juwan Johnson",NO,"TE30","11","Coach Upside rating","Coach Bust rating","3 out of 5 stars","+54"
"237",10,"Calvin Austin III",PIT,"WR82","5","Coach Upside rating","Coach Bust rating","4 out of 5 stars","+65"
"238",10,"Miles Sanders",DAL,"RB72","10","Coach Upside rating","Coach Bust rating","2 out of 5 stars","+23"
"239",10,"Tyler Lockett",TEN,"WR83","10","Coach Upside rating","Coach Bust rating","4 out of 5 stars","+28"
"240",10,"Tahj Brooks",CIN,"RB73","10","Coach Upside rating","Coach Bust rating","4 out of 5 stars","-4"
"241",10,"Anthony Richardson Sr.",IND,"QB30","11","Coach Upside rating","Coach Bust rating","3 out of 5 stars","-1"
"242",10,"Jake Elliott",PHI,"K11","9","Coach Upside rating","Coach Bust rating","2 out of 5 stars","-37"
"243",10,"Russell Wilson",NYG,"QB31","14","Coach Upside rating","Coach Bust rating","1 out of 5 stars","-1"
"244",10,"Jarquez Hunter",LAR,"RB74","8","Coach Upside rating","Coach Bust rating","3 out of 5 stars","+11"
"245",10,"Brashard Smith",KC,"RB75","10","Coach Upside rating","Coach Bust rating","2 out of 5 stars","+3"
"246",10,"Devin Neal",NO,"RB76","11","Coach Upside rating","Coach Bust rating","4 out of 5 stars","+41"
"247",10,"Sean Tucker",TB,"RB77","9","Coach Upside rating","Coach Bust rating","3 out of 5 stars","+31"
"248",10,"Tory Horton",SEA,"WR84","8","Coach Upside rating","Coach Bust rating","3 out of 5 stars","-1"
"249",10,"Jalen McMillan",TB,"WR85","9","Coach Upside rating","Coach Bust rating","3 out of 5 stars","+11"
"250",10,"Dontayvion Wicks",GB,"WR86","5","Coach Upside rating","Coach Bust rating","2 out of 5 stars","+62"
"251",10,"Dyami Brown",JAC,"WR87","8","Coach Upside rating","Coach Bust rating","4 out of 5 stars","+24"
"252",10,"Matt Gay",WAS,"K12","12","Coach Upside rating","Coach Bust rating","3 out of 5 stars","-33"
"253",10,"Jalen Royals",KC,"WR88","10","Coach Upside rating","Coach Bust rating","3 out of 5 stars","+26"
"254",10,"Raheem Mostert",LV,"RB78","8","Coach Upside rating","Coach Bust rating","2 out of 5 stars","+9"
"255",10,"Younghoe Koo",ATL,"K13","5","Coach Upside rating","Coach Bust rating","4 out of 5 stars","-43"
"256",11,"Roman Wilson",PIT,"WR89","5","Coach Upside rating","Coach Bust rating","4 out of 5 stars","+12"
"257",11,"Spencer Rattler",NO,"QB32","11","Coach Upside rating","Coach Bust rating","5 out of 5 stars","+1"
"258",11,"Tampa Bay Buccaneers",TB,"DST16","9","Coach Upside rating–No rating available","Coach Bust rating–No rating available","3 out of 5 stars","-55"
"259",11,"Cole Kmet",CHI,"TE31","5","Coach Upside rating","Coach Bust rating","4 out of 5 stars","+41"
"260",11,"Joe Flacco",CLE,"QB33","9","Coach Upside rating","Coach Bust rating","2 out of 5 stars","-10"
"261",11,"Jaleel McLaughlin",DEN,"RB79","12","Coach Upside rating","Coach Bust rating","2 out of 5 stars","+66"
"262",11,"Tyler Shough",NO,"QB34","11","Coach Upside rating","Coach Bust rating","5 out of 5 stars","+58"
"263",11,"Dont'e Thornton Jr.",LV,"WR90","8","Coach Upside rating","Coach Bust rating","4 out of 5 stars","-56"
"264",11,"Devaughn Vele",NO,"WR91","11","Coach Upside rating","Coach Bust rating","4 out of 5 stars","-"
"265",11,"Isaac TeSlaa",DET,"WR92","8","Coach Upside rating","Coach Bust rating","3 out of 5 stars","-42"
"266",11,"Theo Johnson",NYG,"TE32","14","Coach Upside rating","Coach Bust rating","2 out of 5 stars","+19"
"267",11,"Harold Fannin Jr.",CLE,"TE33","9","Coach Upside rating","Coach Bust rating","3 out of 5 stars","+19"
"268",11,"Trevor Etienne",CAR,"RB80","14","Coach Upside rating","Coach Bust rating","3 out of 5 stars","+40"
"269",11,"Dallas Cowboys",DAL,"DST17","10","Coach Upside rating–No rating available","Coach Bust rating–No rating available","0 out of 5 stars","-34"
"270",11,"Malik Washington",MIA,"WR93","12","Coach Upside rating","Coach Bust rating","3 out of 5 stars","+41"
"271",11,"Elijah Mitchell",KC,"RB81","10","Coach Upside rating","Coach Bust rating","2 out of 5 stars","+21"
"272",11,"Kenneth Gainwell",PIT,"RB82","5","Coach Upside rating","Coach Bust rating","4 out of 5 stars","+17"
"273",11,"Brandin Cooks",NO,"WR94","11","Coach Upside rating","Coach Bust rating","4 out of 5 stars","+23"
"274",11,"Jalen Tolbert",DAL,"WR95","10","Coach Upside rating","Coach Bust rating","2 out of 5 stars","+81"
"275",11,"Devin Singletary",NYG,"RB83","14","Coach Upside rating","Coach Bust rating","3 out of 5 stars","+30"
"276",11,"Ty Johnson",BUF,"RB84","7","Coach Upside rating","Coach Bust rating","4 out of 5 stars","-"
"277",11,"Elijah Moore",BUF,"WR96","7","Coach Upside rating","Coach Bust rating","3 out of 5 stars","-"
"278",11,"Kayshon Boutte",NE,"WR97","14","Coach Upside rating","Coach Bust rating","3 out of 5 stars","+5"
"279",11,"Joshua Karty",LAR,"K14","8","Coach Upside rating","Coach Bust rating","2 out of 5 stars","-17"
"280",11,"Noah Gray",KC,"TE34","10","Coach Upside rating","Coach Bust rating","3 out of 5 stars","+39"
"281",11,"Nick Westbrook-Ikhine",MIA,"WR98","12","Coach Upside rating","Coach Bust rating","3 out of 5 stars","-"
"282",11,"Antonio Gibson",NE,"RB85","14","Coach Upside rating","Coach Bust rating","4 out of 5 stars","-"
"283",11,"Tre Tucker",LV,"WR99","8","Coach Upside rating","Coach Bust rating","4 out of 5 stars","-"
"284",11,"Jason Sanders",MIA,"K15","12","Coach Upside rating","Coach Bust rating","2 out of 5 stars","-11"
"285",11,"Isaiah Davis",NYJ,"RB86","9","Coach Upside rating","Coach Bust rating","5 out of 5 stars","-"
"286",11,"Jaxson Dart",NYG,"QB35","14","Coach Upside rating","Coach Bust rating","1 out of 5 stars","-48"
"287",11,"Amari Cooper",LV,"WR100","8","Coach Upside rating","Coach Bust rating","4 out of 5 stars","-61"
"288",11,"Chicago Bears",CHI,"DST18","5","Coach Upside rating–No rating available","Coach Bust rating–No rating available","2 out of 5 stars","-45"
"289",11,"Jalen Nailor",MIN,"WR101","6","Coach Upside rating–No rating available","Coach Bust rating–No rating available","2 out of 5 stars","-"
"290",11,"Darren Waller",MIA,"TE35","12","Coach Upside rating","Coach Bust rating","3 out of 5 stars","-90"
"291",11,"Jordan James",SF,"RB87","14","Coach Upside rating","Coach Bust rating","3 out of 5 stars","+12"
"292",11,"Parker Washington",JAC,"WR102","8","Coach Upside rating","Coach Bust rating","4 out of 5 stars","-"
"293",11,"Emanuel Wilson",GB,"RB88","5","Coach Upside rating","Coach Bust rating","4 out of 5 stars","+16"
"294",11,"Tim Patrick",JAC,"WR103","8","Coach Upside rating","Coach Bust rating","4 out of 5 stars","-"
"295",11,"Cleveland Browns",CLE,"DST19","9","Coach Upside rating–No rating available","Coach Bust rating–No rating available","3 out of 5 stars","-24"
"296",11,"Chris Brooks",GB,"RB89","5","Coach Upside rating","Coach Bust rating","4 out of 5 stars","-"
"297",11,"Daniel Carlson",LV,"K16","8","Coach Upside rating","Coach Bust rating","3 out of 5 stars","-81"
"298",11,"Will Reichard",MIN,"K17","6","Coach Upside rating","Coach Bust rating","0 out of 5 stars","-74"
"299",11,"Tyler Loop",BAL,"K18","7","Coach Upside rating","Coach Bust rating","2 out of 5 stars","-97"
"300",11,"Luke McCaffrey",WAS,"WR104","12","Coach Upside rating–No rating available","Coach Bust rating–No rating available","3 out of 5 stars","-"
"301",11,"Christian Watson",GB,"WR105","5","Coach Upside rating","Coach Bust rating","2 out of 5 stars","+41"
"302",11,"Terrance Ferguson",LAR,"TE36","8","Coach Upside rating","Coach Bust rating","4 out of 5 stars","-7"
"303",11,"Ty Chandler",MIN,"RB90","6","Coach Upside rating","Coach Bust rating","3 out of 5 stars","-"
"304",11,"New England Patriots",NE,"DST20","14","Coach Upside rating–No rating available","Coach Bust rating–No rating available","4 out of 5 stars","-70"
"305",12,"Xavier Restrepo",TEN,"WR106","10","Coach Upside rating","Coach Bust rating","4 out of 5 stars","+28"
"306",12,"Troy Franklin",DEN,"WR107","12","Coach Upside rating","Coach Bust rating","3 out of 5 stars","-47"
"307",12,"Arizona Cardinals",ARI,"DST21","8","Coach Upside rating–No rating available","Coach Bust rating–No rating available","4 out of 5 stars","-63"
"308",12,"Zamir White",LV,"RB91","8","Coach Upside rating","Coach Bust rating","2 out of 5 stars","-"
"309",12,"Jermaine Burton",CIN,"WR108","10","Coach Upside rating","Coach Bust rating","3 out of 5 stars","-"
"310",12,"Noah Fant",CIN,"TE37","10","Coach Upside rating","Coach Bust rating","2 out of 5 stars","+40"
"311",12,"Diontae Johnson",FA,"WR109","-","Coach Upside rating","Coach Bust rating","-","+10"
"312",12,"Kimani Vidal",LAC,"RB92","12","Coach Upside rating","Coach Bust rating","2 out of 5 stars","-"
"313",12,"Ray-Ray McCloud III",ATL,"WR110","5","Coach Upside rating","Coach Bust rating","3 out of 5 stars","-29"
"314",12,"Audric Estime",PHI,"RB93","9","Coach Upside rating","Coach Bust rating","3 out of 5 stars","+38"
"315",12,"Tez Johnson",TB,"WR111","9","Coach Upside rating","Coach Bust rating","3 out of 5 stars","-"
"316",12,"Phil Mafah",DAL,"RB94","10","Coach Upside rating","Coach Bust rating","2 out of 5 stars","-"
"317",12,"Taysom Hill",NO,"TE38","11","Coach Upside rating","Coach Bust rating","3 out of 5 stars","+9"
"318",12,"Khalil Herbert",FA,"RB95","-","Coach Upside rating","Coach Bust rating","-","-"
"319",12,"Tutu Atwell",LAR,"WR112","8","Coach Upside rating","Coach Bust rating","3 out of 5 stars","-"
"320",12,"Samaje Perine",CIN,"RB96","10","Coach Upside rating","Coach Bust rating","4 out of 5 stars","-"
"321",12,"Sincere McCormick",SF,"RB97","14","Coach Upside rating","Coach Bust rating","3 out of 5 stars","-"
"322",12,"Tyler Higbee",LAR,"TE39","8","Coach Upside rating","Coach Bust rating","4 out of 5 stars","-40"
"323",12,"Oronde Gadsden II",LAC,"TE40","12","Coach Upside rating","Coach Bust rating","3 out of 5 stars","+14"
"324",12,"Damien Martinez",SEA,"RB98","8","Coach Upside rating","Coach Bust rating","3 out of 5 stars","-"
"325",12,"Ben Sinnott",WAS,"TE41","12","Coach Upside rating","Coach Bust rating","3 out of 5 stars","+19"
"326",12,"Raheim Sanders",CLE,"RB99","9","Coach Upside rating","Coach Bust rating","4 out of 5 stars","-"
"327",12,"Shedeur Sanders",CLE,"QB36","9","Coach Upside rating","Coach Bust rating","2 out of 5 stars","-133"
"328",12,"Will Dissly",LAC,"TE42","12","Coach Upside rating","Coach Bust rating","3 out of 5 stars","-"
"329",12,"A.J. Dillon",PHI,"RB100","9","Coach Upside rating","Coach Bust rating","3 out of 5 stars","-"
"330",12,"Jordan Whittington",LAR,"WR113","8","Coach Upside rating","Coach Bust rating","3 out of 5 stars","+13"
"331",12,"Josh Reynolds",NYJ,"WR114","9","Coach Upside rating","Coach Bust rating","4 out of 5 stars","-"
"332",12,"Tyler Conklin",LAC,"TE43","12","Coach Upside rating","Coach Bust rating","3 out of 5 stars","-44"
"333",12,"Noah Brown",WAS,"WR115","12","Coach Upside rating","Coach Bust rating","3 out of 5 stars","-"
"334",12,"Jason Myers",SEA,"K19","8","Coach Upside rating","Coach Bust rating","5 out of 5 stars","-"
"335",12,"Miami Dolphins",MIA,"DST22","12","Coach Upside rating–No rating available","Coach Bust rating–No rating available","2 out of 5 stars","-102"
"336",12,"AJ Barner",SEA,"TE44","8","Coach Upside rating","Coach Bust rating","4 out of 5 stars","-"
"337",12,"KaVontae Turpin",DAL,"WR116","10","Coach Upside rating","Coach Bust rating","2 out of 5 stars","-"
"338",12,"New York Giants",NYG,"DST23","14","Coach Upside rating–No rating available","Coach Bust rating–No rating available","1 out of 5 stars","-125"
"339",12,"Michael Mayer",LV,"TE45","8","Coach Upside rating","Coach Bust rating","2 out of 5 stars","-"
"340",12,"Jalen Milroe",SEA,"QB37","8","Coach Upside rating","Coach Bust rating","4 out of 5 stars","-16"
"341",12,"Cam Little",JAC,"K20","8","Coach Upside rating","Coach Bust rating","5 out of 5 stars","-150"
"342",12,"John Metchie III",PHI,"WR117","9","Coach Upside rating","Coach Bust rating","3 out of 5 stars","-"
"343",12,"Demarcus Robinson",SF,"WR118","14","Coach Upside rating","Coach Bust rating","4 out of 5 stars","-"
"344",12,"Brandon McManus",GB,"K21","5","Coach Upside rating","Coach Bust rating","3 out of 5 stars","-114"
"345",12,"Zack Moss",FA,"RB101","-","Coach Upside rating","Coach Bust rating","-","-"
"346",12,"Gabe Davis",FA,"WR119","-","Coach Upside rating","Coach Bust rating","-","-"
"347",12,"Dawson Knox",BUF,"TE46","7","Coach Upside rating","Coach Bust rating","3 out of 5 stars","-"
"348",12,"KeAndre Lambert-Smith",LAC,"WR120","12","Coach Upside rating","Coach Bust rating","3 out of 5 stars","-35"
"349",12,"Jaylin Lane",WAS,"WR121","12","Coach Upside rating","Coach Bust rating","3 out of 5 stars","-"
"350",12,"Olamide Zaccheaus",CHI,"WR122","5","Coach Upside rating","Coach Bust rating","2 out of 5 stars","-"
"351",12,"Isaiah Bond",CLE,"WR123","9","Coach Upside rating","Coach Bust rating","2 out of 5 stars","-34"
"352",12,"Tai Felton",MIN,"WR124","6","Coach Upside rating","Coach Bust rating","2 out of 5 stars","-"
"353",12,"Kalel Mullings",TEN,"RB102","10","Coach Upside rating","Coach Bust rating","2 out of 5 stars","-"
"354",12,"Luke Musgrave",GB,"TE47","5","Coach Upside rating","Coach Bust rating","2 out of 5 stars","-"
"355",12,"Chimere Dike",TEN,"WR125","10","Coach Upside rating","Coach Bust rating","4 out of 5 stars","-"
"356",12,"Kirk Cousins",ATL,"QB38","5","Coach Upside rating","Coach Bust rating","4 out of 5 stars","-90"
"357",12,"Marquez Valdes-Scantling",SF,"WR126","14","Coach Upside rating","Coach Bust rating","4 out of 5 stars","-"
"358",12,"Jake Moody",SF,"K22","14","Coach Upside rating","Coach Bust rating","5 out of 5 stars","-112"
"359",12,"Washington Commanders",WAS,"DST24","12","Coach Upside rating–No rating available","Coach Bust rating–No rating available","4 out of 5 stars","-150"
"360",12,"Curtis Samuel",BUF,"WR127","7","Coach Upside rating","Coach Bust rating","3 out of 5 stars","-"
"361",12,"Gunnar Helm",TEN,"TE48","10","Coach Upside rating","Coach Bust rating","3 out of 5 stars","-"
"362",13,"Austin Hooper",NE,"TE49","14","Coach Upside rating","Coach Bust rating","3 out of 5 stars","-"
"363",13,"Savion Williams",GB,"WR128","5","Coach Upside rating","Coach Bust rating","2 out of 5 stars","-"
"364",13,"LeQuint Allen Jr.",JAC,"RB103","8","Coach Upside rating","Coach Bust rating","2 out of 5 stars","-"
"365",13,"Gus Edwards",FA,"RB104","-","Coach Upside rating","Coach Bust rating","-","-"
"366",13,"Jameis Winston",NYG,"QB39","14","Coach Upside rating","Coach Bust rating","1 out of 5 stars","-"
"367",13,"Mack Hollins",NE,"WR129","14","Coach Upside rating","Coach Bust rating","3 out of 5 stars","-"
"368",13,"Emari Demercado",ARI,"RB105","8","Coach Upside rating","Coach Bust rating","3 out of 5 stars","-"
"369",13,"Jahan Dotson",PHI,"WR130","9","Coach Upside rating","Coach Bust rating","3 out of 5 stars","-"
"370",13,"Allen Lazard",NYJ,"WR131","9","Coach Upside rating","Coach Bust rating","4 out of 5 stars","-"
"371",13,"Van Jefferson",TEN,"WR132","10","Coach Upside rating–No rating available","Coach Bust rating–No rating available","4 out of 5 stars","-"
"372",13,"Zay Jones",ARI,"WR133","8","Coach Upside rating","Coach Bust rating","4 out of 5 stars","-"
"373",13,"Dillon Gabriel",CLE,"QB40","9","Coach Upside rating","Coach Bust rating","2 out of 5 stars","-"
"374",13,"Tommy Tremble",CAR,"TE50","14","Coach Upside rating","Coach Bust rating","4 out of 5 stars","-"
"375",13,"Cade Stover",HOU,"TE51","6","Coach Upside rating","Coach Bust rating","3 out of 5 stars","-"
"376",13,"Jimmy Garoppolo",LAR,"QB41","8","Coach Upside rating","Coach Bust rating","3 out of 5 stars","-"
"377",13,"Cam Akers",FA,"RB106","-","Coach Upside rating","Coach Bust rating","-","-"
"378",13,"Justin Tucker",FA,"K23","-","Coach Upside rating","Coach Bust rating","-","-"
"379",13,"Jamari Thrash",CLE,"WR134","9","Coach Upside rating","Coach Bust rating","2 out of 5 stars","-"
"380",13,"Greg Dortch",ARI,"WR135","8","Coach Upside rating","Coach Bust rating","4 out of 5 stars","-"
"381",13,"Luke Schoonmaker",DAL,"TE52","10","Coach Upside rating","Coach Bust rating","2 out of 5 stars","-"
"382",13,"Foster Moreau",NO,"TE53","11","Coach Upside rating","Coach Bust rating","3 out of 5 stars","-"
"383",13,"JuJu Smith-Schuster",KC,"WR136","10","Coach Upside rating","Coach Bust rating","3 out of 5 stars","-"
"384",13,"Josh Oliver",MIN,"TE54","6","Coach Upside rating","Coach Bust rating","3 out of 5 stars","-"
"385",13,"Tank Dell",HOU,"WR137","6","Coach Upside rating","Coach Bust rating","4 out of 5 stars","-"
"386",13,"Kyle Juszczyk",SF,"RB107","14","Coach Upside rating","Coach Bust rating","3 out of 5 stars","-"
"387",13,"Indianapolis Colts",IND,"DST25","11","Coach Upside rating–No rating available","Coach Bust rating–No rating available","4 out of 5 stars","-55"
"388",13,"Jeremy Ruckert",NYJ,"TE55","9","Coach Upside rating","Coach Bust rating","3 out of 5 stars","-"
"389",13,"Craig Reynolds",DET,"RB108","8","Coach Upside rating","Coach Bust rating","2 out of 5 stars","-"
"390",13,"Atlanta Falcons",ATL,"DST26","5","Coach Upside rating–No rating available","Coach Bust rating–No rating available","3 out of 5 stars","-"
"391",13,"Tyrod Taylor",NYJ,"QB42","9","Coach Upside rating","Coach Bust rating","5 out of 5 stars","-"
"392",13,"Jacob Cowing",SF,"WR138","14","Coach Upside rating","Coach Bust rating","4 out of 5 stars","-"
"393",13,"Joe Milton III",DAL,"QB43","10","Coach Upside rating","Coach Bust rating","2 out of 5 stars","-"
"394",13,"Donovan Edwards",WAS,"RB109","12","Coach Upside rating","Coach Bust rating","2 out of 5 stars","-"
"395",13,"Kenny Pickett",LV,"QB44","8","Coach Upside rating","Coach Bust rating","3 out of 5 stars","-"
"396",13,"Grant Calcaterra",PHI,"TE56","9","Coach Upside rating","Coach Bust rating","3 out of 5 stars","-"
"397",13,"Trey Sermon",PIT,"RB110","5","Coach Upside rating","Coach Bust rating","4 out of 5 stars","-"
"398",13,"Jeremy McNichols",WAS,"RB111","12","Coach Upside rating","Coach Bust rating","2 out of 5 stars","-"
"399",13,"Chad Ryland",ARI,"K24","8","Coach Upside rating–No rating available","Coach Bust rating–No rating available","3 out of 5 stars","-"
"400",13,"Cairo Santos",CHI,"K25","5","Coach Upside rating","Coach Bust rating","1 out of 5 stars","-"
"401",13,"Julius Chestnut",TEN,"RB112","10","Coach Upside rating–No rating available","Coach Bust rating–No rating available","2 out of 5 stars","-"
"402",13,"Arian Smith",NYJ,"WR139","9","Coach Upside rating–No rating available","Coach Bust rating–No rating available","4 out of 5 stars","-"
"403",13,"Stone Smartt",NYJ,"TE57","9","Coach Upside rating–No rating available","Coach Bust rating–No rating available","3 out of 5 stars","-"
"404",13,"Cincinnati Bengals",CIN,"DST27","10","Coach Upside rating–No rating available","Coach Bust rating–No rating available","2 out of 5 stars","-148"
"405",13,"Efton Chism III",NE,"WR140","14","Coach Upside rating","Coach Bust rating","3 out of 5 stars","-"
"406",13,"Devontez Walker",BAL,"WR141","7","Coach Upside rating–No rating available","Coach Bust rating–No rating available","3 out of 5 stars","-"
"407",13,"Mitchell Evans",CAR,"TE58","14","Coach Upside rating–No rating available","Coach Bust rating–No rating available","4 out of 5 stars","-"
"408",13,"Tyler Goodson",IND,"RB113","11","Coach Upside rating–No rating available","Coach Bust rating–No rating available","2 out of 5 stars","-"
"409",13,"Antwane Wells Jr.",FA,"WR142","-","Coach Upside rating–No rating available","Coach Bust rating–No rating available","-","-"
"410",13,"Hunter Renfrow",FA,"WR143","-","Coach Upside rating","Coach Bust rating","-","-"
"411",13,"Mason Rudolph",PIT,"QB45","5","Coach Upside rating–No rating available","Coach Bust rating–No rating available","4 out of 5 stars","-"
"412",13,"Jordan Watkins",SF,"WR144","14","Coach Upside rating–No rating available","Coach Bust rating–No rating available","4 out of 5 stars","-"
"413",13,"Eddy Pineiro",FA,"K26","-","Coach Upside rating","Coach Bust rating","-","-"
"414",13,"Kalif Raymond",DET,"WR145","8","Coach Upside rating–No rating available","Coach Bust rating–No rating available","3 out of 5 stars","-"
"415",13,"Elijah Higgins",ARI,"TE59","8","Coach Upside rating–No rating available","Coach Bust rating–No rating available","5 out of 5 stars","-"
"416",13,"Xavier Hutchinson",HOU,"WR146","6","Coach Upside rating–No rating available","Coach Bust rating–No rating available","4 out of 5 stars","-"
"417",13,"Dare Ogunbowale",HOU,"RB114","6","Coach Upside rating–No rating available","Coach Bust rating–No rating available","2 out of 5 stars","-"
"418",13,"Theo Wease Jr.",MIA,"WR147","12","Coach Upside rating","Coach Bust rating","3 out of 5 stars","-"
"419",13,"Darnell Washington",PIT,"TE60","5","Coach Upside rating–No rating available","Coach Bust rating–No rating available","3 out of 5 stars","-"
"420",13,"Jalin Hyatt",NYG,"WR148","14","Coach Upside rating–No rating available","Coach Bust rating–No rating available","2 out of 5 stars","-"
"421",13,"Matt Prater",FA,"K27","-","Coach Upside rating","Coach Bust rating","-","-"
"422",13,"Clyde Edwards-Helaire",KC,"RB115","10","Coach Upside rating–No rating available","Coach Bust rating–No rating available","2 out of 5 stars","-"
"423",13,"Jonathon Brooks",CAR,"RB116","14","Coach Upside rating–No rating available","Coach Bust rating–No rating available","3 out of 5 stars","-"
"424",13,"Malik Willis",GB,"QB46","5","Coach Upside rating–No rating available","Coach Bust rating–No rating available","2 out of 5 stars","-"
"425",13,"Jacksonville Jaguars",JAC,"DST28","8","Coach Upside rating–No rating available","Coach Bust rating–No rating available","4 out of 5 stars","-87"
"426",13,"Ja'Quinden Jackson",JAC,"RB117","8","Coach Upside rating–No rating available","Coach Bust rating–No rating available","2 out of 5 stars","-"
"427",13,"George Holani",SEA,"RB118","8","Coach Upside rating–No rating available","Coach Bust rating–No rating available","3 out of 5 stars","-"
"428",13,"Hassan Haskins",LAC,"RB119","12","Coach Upside rating–No rating available","Coach Bust rating–No rating available","2 out of 5 stars","-"
"429",13,"Tyquan Thornton",KC,"WR149","10","Coach Upside rating–No rating available","Coach Bust rating–No rating available","3 out of 5 stars","-"
"430",13,"Robert Woods",PIT,"WR150","5","Coach Upside rating","Coach Bust rating","4 out of 5 stars","-"
"431",13,"Las Vegas Raiders",LV,"DST29","8","Coach Upside rating–No rating available","Coach Bust rating–No rating available","4 out of 5 stars","-96"
"432",13,"Tennessee Titans",TEN,"DST30","10","Coach Upside rating–No rating available","Coach Bust rating–No rating available","5 out of 5 stars","-158"
"433",13,"Blake Grupe",NO,"K28","11","Coach Upside rating–No rating available","Coach Bust rating–No rating available","5 out of 5 stars","-"
"434",13,"Jimmy Horn Jr.",CAR,"WR151","14","Coach Upside rating–No rating available","Coach Bust rating–No rating available","4 out of 5 stars","-"
"435",13,"New Orleans Saints",NO,"DST31","11","Coach Upside rating–No rating available","Coach Bust rating–No rating available","4 out of 5 stars","-96"
"436",13,"Tyler Badie",DEN,"RB120","12","Coach Upside rating–No rating available","Coach Bust rating–No rating available","2 out of 5 stars","-"
"437",14,"KhaDarel Hodge",ATL,"WR152","5","Coach Upside rating–No rating available","Coach Bust rating–No rating available","3 out of 5 stars","-"
"438",14,"Greg Dulcich",MIA,"TE61","12","Coach Upside rating–No rating available","Coach Bust rating–No rating available","3 out of 5 stars","-"
"439",14,"Skyy Moore",SF,"WR153","14","Coach Upside rating–No rating available","Coach Bust rating–No rating available","4 out of 5 stars","-"
"440",14,"Jake Browning",CIN,"QB47","10","Coach Upside rating–No rating available","Coach Bust rating–No rating available","2 out of 5 stars","-"
"441",14,"Carolina Panthers",CAR,"DST32","14","Coach Upside rating–No rating available","Coach Bust rating–No rating available","3 out of 5 stars","-"
"442",14,"Kendrick Bourne",FA,"WR154","-","Coach Upside rating","Coach Bust rating","-","-"
"443",14,"Sam Howell",PHI,"QB48","9","Coach Upside rating–No rating available","Coach Bust rating–No rating available","3 out of 5 stars","-"
"444",14,"Marcus Mariota",WAS,"QB49","12","Coach Upside rating–No rating available","Coach Bust rating–No rating available","2 out of 5 stars","-"
"445",14,"D'Ernest Johnson",FA,"RB121","-","Coach Upside rating–No rating available","Coach Bust rating–No rating available","-","-"
"446",14,"Graham Gano",NYG,"K29","14","Coach Upside rating–No rating available","Coach Bust rating–No rating available","0 out of 5 stars","-"
"447",14,"Sterling Shepard",TB,"WR155","9","Coach Upside rating–No rating available","Coach Bust rating–No rating available","3 out of 5 stars","-"
"448",14,"Aidan O'Connell",LV,"QB50","8","Coach Upside rating–No rating available","Coach Bust rating–No rating available","3 out of 5 stars","-"
"449",14,"Alec Ingold",MIA,"RB122","12","Coach Upside rating–No rating available","Coach Bust rating–No rating available","4 out of 5 stars","-"
"450",14,"Malachi Corley",CLE,"WR156","9","Coach Upside rating–No rating available","Coach Bust rating–No rating available","2 out of 5 stars","-"
"451",14,"Pierre Strong Jr.",FA,"RB123","-","Coach Upside rating","Coach Bust rating","-","-"
"452",14,"Casey Washington",ATL,"WR157","5","Coach Upside rating–No rating available","Coach Bust rating–No rating available","3 out of 5 stars","-"
"453",14,"Spencer Shrader",IND,"K30","11","Coach Upside rating–No rating available","Coach Bust rating–No rating available","5 out of 5 stars","-"
"454",14,"Cooper Rush",BAL,"QB51","7","Coach Upside rating–No rating available","Coach Bust rating–No rating available","3 out of 5 stars","-"
"455",14,"Gardner Minshew II",KC,"QB52","10","Coach Upside rating–No rating available","Coach Bust rating–No rating available","3 out of 5 stars","-"
"456",14,"Andy Borregales",NE,"K31","14","Coach Upside rating–No rating available","Coach Bust rating–No rating available","4 out of 5 stars","-"
"457",14,"John Bates",WAS,"TE62","12","Coach Upside rating–No rating available","Coach Bust rating–No rating available","3 out of 5 stars","-"
"458",14,"Deshaun Watson",CLE,"QB53","9","Coach Upside rating–No rating available","Coach Bust rating–No rating available","2 out of 5 stars","-"
"459",14,"Zach Wilson",MIA,"QB54","12","Coach Upside rating–No rating available","Coach Bust rating–No rating available","5 out of 5 stars","-"
"460",14,"Jacoby Brissett",ARI,"QB55","8","Coach Upside rating–No rating available","Coach Bust rating–No rating available","4 out of 5 stars","-"
"461",14,"Jake Bobo",SEA,"WR158","8","Coach Upside rating–No rating available","Coach Bust rating–No rating available","3 out of 5 stars","-"
"462",14,"Adam Trautman",DEN,"TE63","12","Coach Upside rating–No rating available","Coach Bust rating–No rating available","3 out of 5 stars","-"
"463",14,"Tanner McKee",PHI,"QB56","9","Coach Upside rating–No rating available","Coach Bust rating–No rating available","3 out of 5 stars","-"
"464",14,"Daniel Bellinger",NYG,"TE64","14","Coach Upside rating–No rating available","Coach Bust rating–No rating available","2 out of 5 stars","-"
"465",14,"Luke Farrell",SF,"TE65","14","Coach Upside rating–No rating available","Coach Bust rating–No rating available","3 out of 5 stars","-"
"466",14,"Jonathan Mingo",DAL,"WR159","10","Coach Upside rating–No rating available","Coach Bust rating–No rating available","2 out of 5 stars","-"
"467",14,"Tanner Hudson",CIN,"TE66","10","Coach Upside rating–No rating available","Coach Bust rating–No rating available","2 out of 5 stars","-"
"468",14,"Julian Hill",MIA,"TE67","12","Coach Upside rating–No rating available","Coach Bust rating–No rating available","3 out of 5 stars","-"
"469",14,"Tyson Bagent",CHI,"QB57","5","Coach Upside rating–No rating available","Coach Bust rating–No rating available","2 out of 5 stars","-"
"470",14,"Tyler Johnson",NYJ,"WR160","9","Coach Upside rating–No rating available","Coach Bust rating–No rating available","4 out of 5 stars","-"
"471",14,"Carson Steele",KC,"RB124","10","Coach Upside rating–No rating available","Coach Bust rating–No rating available","2 out of 5 stars","-"
"472",14,"Drew Lock",SEA,"QB58","8","Coach Upside rating–No rating available","Coach Bust rating–No rating available","4 out of 5 stars","-"
"473",14,"Michael Carter",ARI,"RB125","8","Coach Upside rating–No rating available","Coach Bust rating–No rating available","3 out of 5 stars","-"
"474",14,"Cordarrelle Patterson",FA,"RB126","-","Coach Upside rating–No rating available","Coach Bust rating–No rating available","-","-"
"475",14,"Sione Vaki",DET,"RB127","8","Coach Upside rating–No rating available","Coach Bust rating–No rating available","2 out of 5 stars","-"
"476",14,"Colby Parkinson",LAR,"TE68","8","Coach Upside rating–No rating available","Coach Bust rating–No rating available","4 out of 5 stars","-"
"477",14,"Andy Dalton",CAR,"QB59","14","Coach Upside rating–No rating available","Coach Bust rating–No rating available","3 out of 5 stars","-"
"478",14,"Javon Baker",PHI,"WR161","9","Coach Upside rating–No rating available","Coach Bust rating–No rating available","3 out of 5 stars","-"
"479",14,"Payne Durham",TB,"TE69","9","Coach Upside rating–No rating available","Coach Bust rating–No rating available","3 out of 5 stars","-"
"480",14,"Jeff Wilson Jr.",MIA,"RB128","12","Coach Upside rating–No rating available","Coach Bust rating–No rating available","4 out of 5 stars","-"
"481",14,"Kyle Trask",FA,"QB60","-","Coach Upside rating–No rating available","Coach Bust rating–No rating available","-","-"
"482",14,"Charlie Kolar",BAL,"TE70","7","Coach Upside rating–No rating available","Coach Bust rating–No rating available","3 out of 5 stars","-"
"483",14,"Matthew Wright",FA,"K32","-","Coach Upside rating–No rating available","Coach Bust rating–No rating available","-","-"
"484",14,"Harrison Bryant",HOU,"TE71","6","Coach Upside rating–No rating available","Coach Bust rating–No rating available","3 out of 5 stars","-"
"485",14,"Mitchell Tinsley",CIN,"WR162","10","Coach Upside rating–No rating available","Coach Bust rating–No rating available","3 out of 5 stars","-"
"486",14,"Rasheen Ali",BAL,"RB129","7","Coach Upside rating–No rating available","Coach Bust rating–No rating available","4 out of 5 stars","-"
"487",14,"Chris Tyree",NO,"RB130","11","Coach Upside rating–No rating available","Coach Bust rating–No rating available","4 out of 5 stars","-"
"488",14,"Charlie Woerner",ATL,"TE72","5","Coach Upside rating–No rating available","Coach Bust rating–No rating available","3 out of 5 stars","-"
"489",14,"Derius Davis",LAC,"WR163","12","Coach Upside rating–No rating available","Coach Bust rating–No rating available","3 out of 5 stars","-"
"490",14,"Mac Jones",SF,"QB61","14","Coach Upside rating–No rating available","Coach Bust rating–No rating available","4 out of 5 stars","-"
"491",14,"Thomas Fidone II",NYG,"TE73","14","Coach Upside rating–No rating available","Coach Bust rating–No rating available","2 out of 5 stars","-"
"492",14,"Brock Wright",DET,"TE74","8","Coach Upside rating–No rating available","Coach Bust rating–No rating available","3 out of 5 stars","-"
"493",14,"Joey Slye",TEN,"K33","10","Coach Upside rating–No rating available","Coach Bust rating–No rating available","3 out of 5 stars","-"
"494",14,"Jarrett Stidham",DEN,"QB62","12","Coach Upside rating–No rating available","Coach Bust rating–No rating available","4 out of 5 stars","-"
"495",14,"Johnny Mundt",JAC,"TE75","8","Coach Upside rating–No rating available","Coach Bust rating–No rating available","3 out of 5 stars","-"
"496",14,"Hendon Hooker",CAR,"QB63","14","Coach Upside rating–No rating available","Coach Bust rating–No rating available","3 out of 5 stars","-"
"497",14,"Jake Haener",NO,"QB64","11","Coach Upside rating–No rating available","Coach Bust rating–No rating available","5 out of 5 stars","-"
"498",14,"Robert Tonyan",KC,"TE76","10","Coach Upside rating–No rating available","Coach Bust rating–No rating available","3 out of 5 stars","-"
"499",14,"Zavier Scott",MIN,"WR164","6","Coach Upside rating–No rating available","Coach Bust rating–No rating available","2 out of 5 stars","-"
"500",14,"Nick Mullens",JAC,"QB65","8","Coach Upside rating–No rating available","Coach Bust rating–No rating available","3 out of 5 stars","-"
"501",14,"Marcus Yarns",FA,"RB131","-","Coach Upside rating–No rating available","Coach Bust rating–No rating available","-","-"
"502",14,"Quinn Ewers",MIA,"QB66","12","Coach Upside rating–No rating available","Coach Bust rating–No rating available","5 out of 5 stars","-"
"503",14,"Will Howard",PIT,"QB67","5","Coach Upside rating–No rating available","Coach Bust rating–No rating available","4 out of 5 stars","-"
"504",14,"David Moore",CAR,"WR165","14","Coach Upside rating–No rating available","Coach Bust rating–No rating available","4 out of 5 stars","-"
"505",14,"Xavier Gipson",NYJ,"WR166","9","Coach Upside rating–No rating available","Coach Bust rating–No rating available","4 out of 5 stars","-"
"506",14,"Ricky White III",SEA,"WR167","8","Coach Upside rating–No rating available","Coach Bust rating–No rating available","3 out of 5 stars","-"
"507",14,"Trent Sherfield Sr.",DEN,"WR168","12","Coach Upside rating–No rating available","Coach Bust rating–No rating available","3 out of 5 stars","-"
"508",14,"Trey Lance",LAC,"QB68","12","Coach Upside rating–No rating available","Coach Bust rating–No rating available","3 out of 5 stars","-"
"509",14,"Tyrell Shavers",BUF,"WR169","7","Coach Upside rating–No rating available","Coach Bust rating–No rating available","3 out of 5 stars","-"
"510",14,"Scotty Miller",PIT,"WR170","5","Coach Upside rating–No rating available","Coach Bust rating–No rating available","4 out of 5 stars","-"
"511",14,"Drew Sample",CIN,"TE77","10","Coach Upside rating–No rating available","Coach Bust rating–No rating available","2 out of 5 stars","-"
"512",14,"Andrew Beck",NYJ,"TE78","9","Coach Upside rating–No rating available","Coach Bust rating–No rating available","3 out of 5 stars","-"
"513",14,"Ian Thomas",LV,"TE79","8","Coach Upside rating–No rating available","Coach Bust rating–No rating available","2 out of 5 stars","-"
"514",14,"C.J. Ham",MIN,"RB132","6","Coach Upside rating–No rating available","Coach Bust rating–No rating available","3 out of 5 stars","-"
"515",14,"Michael Burton",DEN,"RB133","12","Coach Upside rating–No rating available","Coach Bust rating–No rating available","2 out of 5 stars","-"
"516",14,"Josh Whyle",GB,"TE80","5","Coach Upside rating–No rating available","Coach Bust rating–No rating available","2 out of 5 stars","-"
"517",14,"DeeJay Dallas",CAR,"RB134","14","Coach Upside rating–No rating available","Coach Bust rating–No rating available","3 out of 5 stars","-"
"518",14,"Hunter Luepke",DAL,"RB135","10","Coach Upside rating–No rating available","Coach Bust rating–No rating available","2 out of 5 stars","-"
"519",14,"Eric Gray",NYG,"RB136","14","Coach Upside rating–No rating available","Coach Bust rating–No rating available","3 out of 5 stars","-"
"520",14,"Nick Nash",ATL,"WR171","5","Coach Upside rating–No rating available","Coach Bust rating–No rating available","3 out of 5 stars","-"
"521",14,"Bub Means",NO,"WR172","11","Coach Upside rating–No rating available","Coach Bust rating–No rating available","4 out of 5 stars","-"
"522",14,"David Bell",CLE,"WR173","9","Coach Upside rating–No rating available","Coach Bust rating–No rating available","2 out of 5 stars","-"
"523",14,"Dylan Laube",LV,"RB137","8","Coach Upside rating–No rating available","Coach Bust rating–No rating available","2 out of 5 stars","-"
"524",14,"Konata Mumpfield",LAR,"WR174","8","Coach Upside rating–No rating available","Coach Bust rating–No rating available","3 out of 5 stars","-"
"525",14,"Tommy Mellott",FA,"WR175","-","Coach Upside rating–No rating available","Coach Bust rating–No rating available","-","-"
"526",15,"Ashton Dulin",IND,"WR176","11","Coach Upside rating–No rating available","Coach Bust rating–No rating available","4 out of 5 stars","-"
"527",15,"Russell Gage Jr.",SF,"WR177","14","Coach Upside rating–No rating available","Coach Bust rating–No rating available","4 out of 5 stars","-174"
"528",15,"Ainias Smith",CAR,"WR178","14","Coach Upside rating–No rating available","Coach Bust rating–No rating available","4 out of 5 stars","-"
"529",15,"Carlos Washington Jr.",ATL,"RB138","5","Coach Upside rating–No rating available","Coach Bust rating–No rating available","4 out of 5 stars","-"
"530",15,"Mitchell Trubisky",BUF,"QB69","7","Coach Upside rating–No rating available","Coach Bust rating–No rating available","4 out of 5 stars","-"
"531",15,"Patrick Ricard",BAL,"RB139","7","Coach Upside rating–No rating available","Coach Bust rating–No rating available","4 out of 5 stars","-"
"532",15,"DJ Chark Jr.",FA,"WR179","-","Coach Upside rating–No rating available","Coach Bust rating–No rating available","-","-"
"533",15,"Michael Gallup",FA,"WR180","-","Coach Upside rating–No rating available","Coach Bust rating–No rating available","-","-"
"534",15,"Carson Wentz",MIN,"QB70","6","Coach Upside rating–No rating available","Coach Bust rating–No rating available","2 out of 5 stars","-"
"535",15,"Kyle Allen",DET,"QB71","8","Coach Upside rating–No rating available","Coach Bust rating–No rating available","2 out of 5 stars","-181"
"536",15,"Beaux Collins",NYG,"WR181","14","Coach Upside rating–No rating available","Coach Bust rating–No rating available","2 out of 5 stars","-"
"537",15,"Joshua Dobbs",NE,"QB72","14","Coach Upside rating–No rating available","Coach Bust rating–No rating available","5 out of 5 stars","-"
"538",15,"Kene Nwangwu",NYJ,"RB140","9","Coach Upside rating–No rating available","Coach Bust rating–No rating available","5 out of 5 stars","-"
"539",15,"Tylan Wallace",BAL,"WR182","7","Coach Upside rating–No rating available","Coach Bust rating–No rating available","3 out of 5 stars","-"
"540",15,"Mo Alie-Cox",IND,"TE81","11","Coach Upside rating–No rating available","Coach Bust rating–No rating available","3 out of 5 stars","-"
"541",15,"Davis Mills",HOU,"QB73","6","Coach Upside rating–No rating available","Coach Bust rating–No rating available","3 out of 5 stars","-"
"542",15,"Robbie Ouzts",SEA,"TE82","8","Coach Upside rating–No rating available","Coach Bust rating–No rating available","4 out of 5 stars","-"
"543",15,"Charlie Jones",CIN,"WR183","10","Coach Upside rating–No rating available","Coach Bust rating–No rating available","3 out of 5 stars","-"
"544",15,"Simi Fehoko",ARI,"WR184","8","Coach Upside rating–No rating available","Coach Bust rating–No rating available","4 out of 5 stars","-"
"545",15,"Lucky Jackson",MIN,"WR185","6","Coach Upside rating–No rating available","Coach Bust rating–No rating available","2 out of 5 stars","-"
"546",15,"Mecole Hardman Jr.",GB,"WR186","5","Coach Upside rating–No rating available","Coach Bust rating–No rating available","2 out of 5 stars","-"
"547",15,"Hunter Long",JAC,"TE83","8","Coach Upside rating–No rating available","Coach Bust rating–No rating available","3 out of 5 stars","-"
"548",15,"K.J. Osborn",FA,"WR187","-","Coach Upside rating–No rating available","Coach Bust rating–No rating available","-","-"
"549",15,"John Stephens Jr.",DAL,"WR188","10","Coach Upside rating–No rating available","Coach Bust rating–No rating available","2 out of 5 stars","-"
"550",15,"Ben Skowronek",PIT,"WR189","5","Coach Upside rating–No rating available","Coach Bust rating–No rating available","4 out of 5 stars","-"
"551",15,"Taylor Heinicke",FA,"QB74","-","Coach Upside rating–No rating available","Coach Bust rating–No rating available","-","-"
"552",15,"Jalen Brooks",DAL,"WR190","10","Coach Upside rating–No rating available","Coach Bust rating–No rating available","2 out of 5 stars","-"
"553",15,"Ross Dwelley",FA,"TE84","-","Coach Upside rating–No rating available","Coach Bust rating–No rating available","-","-"
"554",15,"Travis Homer",CHI,"RB141","5","Coach Upside rating–No rating available","Coach Bust rating–No rating available","3 out of 5 stars","-"
"555",15,"Corey Kiner",SF,"RB142","14","Coach Upside rating–No rating available","Coach Bust rating–No rating available","3 out of 5 stars","-"
"556",15,"Lucas Krull",DEN,"TE85","12","Coach Upside rating–No rating available","Coach Bust rating–No rating available","3 out of 5 stars","-"
"557",15,"Michael Bennett",FA,"WR191","-","Coach Upside rating–No rating available","Coach Bust rating–No rating available","-","-"
"558",15,"Brevyn Spann-Ford",DAL,"TE86","10","Coach Upside rating–No rating available","Coach Bust rating–No rating available","2 out of 5 stars","-"
"559",15,"Durham Smythe",CHI,"TE87","5","Coach Upside rating–No rating available","Coach Bust rating–No rating available","4 out of 5 stars","-"
"560",15,"Terrace Marshall Jr.",FA,"WR192","-","Coach Upside rating–No rating available","Coach Bust rating–No rating available","-","-"
"561",15,"Jackson Hawes",BUF,"TE88","7","Coach Upside rating–No rating available","Coach Bust rating–No rating available","3 out of 5 stars","-"
"562",15,"Frank Gore Jr.",BUF,"RB143","7","Coach Upside rating–No rating available","Coach Bust rating–No rating available","4 out of 5 stars","-"
"563",15,"Jelani Woods",NYJ,"TE89","9","Coach Upside rating–No rating available","Coach Bust rating–No rating available","3 out of 5 stars","-"
"564",15,"Jared Wiley",KC,"TE90","10","Coach Upside rating–No rating available","Coach Bust rating–No rating available","3 out of 5 stars","-"
"565",15,"Luke Lachey",HOU,"TE91","6","Coach Upside rating–No rating available","Coach Bust rating–No rating available","3 out of 5 stars","-"
"566",15,"Cole Turner",FA,"TE92","-","Coach Upside rating–No rating available","Coach Bust rating–No rating available","-","-"
"567",15,"Michael Woods II",FA,"WR193","-","Coach Upside rating–No rating available","Coach Bust rating–No rating available","-","-"
"568",15,"Troy Hairston II",FA,"RB144","-","Coach Upside rating–No rating available","Coach Bust rating–No rating available","-","-"
"569",15,"Eric Saubert",SEA,"TE93","8","Coach Upside rating–No rating available","Coach Bust rating–No rating available","4 out of 5 stars","-"
"570",15,"Teagan Quitoriano",ATL,"TE94","5","Coach Upside rating–No rating available","Coach Bust rating–No rating available","3 out of 5 stars","-"
"571",15,"Keaontay Ingram",KC,"RB145","10","Coach Upside rating–No rating available","Coach Bust rating–No rating available","2 out of 5 stars","-"
"572",15,"Deuce Vaughn",FA,"RB146","-","Coach Upside rating–No rating available","Coach Bust rating–No rating available","-","-"
"573",16,"Kylen Granson",PHI,"TE95","9","Coach Upside rating–No rating available","Coach Bust rating–No rating available","3 out of 5 stars","-"
"574",16,"Velus Jones Jr.",NO,"WR194","11","Coach Upside rating–No rating available","Coach Bust rating–No rating available","4 out of 5 stars","-"
"575",16,"Pharaoh Brown",FA,"TE96","-","Coach Upside rating–No rating available","Coach Bust rating–No rating available","-","-"
"576",16,"DeAndre Carter",CLE,"WR195","9","Coach Upside rating–No rating available","Coach Bust rating–No rating available","2 out of 5 stars","-"
"577",16,"Israel Abanikanda",GB,"RB147","5","Coach Upside rating–No rating available","Coach Bust rating–No rating available","4 out of 5 stars","-"
"578",16,"Jawhar Jordan",HOU,"RB148","6","Coach Upside rating–No rating available","Coach Bust rating–No rating available","2 out of 5 stars","-242"
"579",16,"Ronnie Rivers",LAR,"RB149","8","Coach Upside rating–No rating available","Coach Bust rating–No rating available","3 out of 5 stars","-"
"580",16,"Tim Jones",MIN,"WR196","6","Coach Upside rating–No rating available","Coach Bust rating–No rating available","2 out of 5 stars","-"
"581",16,"Jakob Johnson",HOU,"RB150","6","Coach Upside rating–No rating available","Coach Bust rating–No rating available","2 out of 5 stars","-"
"582",16,"Bo Melton",GB,"WR197","5","Coach Upside rating–No rating available","Coach Bust rating–No rating available","2 out of 5 stars","-"