PLAYER NAME,Team,Position,ADV
Ja'Marr Chase,CIN,WR,$60
Saquon Barkley,PHI,RB,$56
Bijan Robinson,ATL,RB,$52
Jahmyr Gibbs,DET,RB,$49
Derrick Henry,BAL,RB,$48
Justin Jefferson,MIN,WR,$43
Christian McCaffrey,SF,RB,$40
Jonathan Taylor,IND,RB,$39
CeeDee Lamb,DAL,WR,$39
Josh Jacobs,GB,RB,$38
Kyren Williams,LAR,RB,$35
Ashton Jeanty,LV,RB,$35
Nico Collins,HOU,WR,$35
De'Von Achane,MIA,RB,$34
Puka Nacua,LAR,WR,$34
Malik Nabers,NYG,WR,$34
Brian Thomas Jr.,JAC,WR,$33
Josh Allen,BUF,QB,$31
Bucky Irving,TB,RB,$31
Chase Brown,CIN,RB,$31
Amon-Ra St. Brown,DET,WR,$31
George Kittle,SF,TE,$31
Lamar Jackson,BAL,QB,$30
Brock Bowers,LV,TE,$30
James Cook,BUF,RB,$28
A.J. Brown,PHI,WR,$28
Drake London,ATL,WR,$28
Trey McBride,ARI,TE,$27
Jalen Hurts,PHI,QB,$25
Tyreek Hill,MIA,WR,$25
Mike Evans,TB,WR,$25
James Conner,ARI,RB,$24
Ladd McConkey,LAC,WR,$24
Jayden Daniels,WAS,QB,$23
Chuba Hubbard,CAR,RB,$23
Tee Higgins,CIN,WR,$22
Terry McLaurin,WAS,WR,$22
Omarion Hampton,LAC,RB,$21
Davante Adams,LAR,WR,$21
Alvin Kamara,NO,RB,$20
Kenneth Walker III,SEA,RB,$20
Breece Hall,NYJ,RB,$20
DK Metcalf,PIT,WR,$19
Joe Burrow,CIN,QB,$18
Xavier Worthy,KC,WR,$18
Marvin Harrison Jr.,ARI,WR,$18
Tony Pollard,TEN,RB,$17
Jaxon Smith-Njigba,SEA,WR,$17
TreVeyon Henderson,NE,RB,$16
D'Andre Swift,CHI,RB,$16
David Montgomery,DET,RB,$16
Sam LaPorta,DET,TE,$16
Zay Flowers,BAL,WR,$15
Mark Andrews,BAL,TE,$15
Aaron Jones Sr.,MIN,RB,$14
Courtland Sutton,DEN,WR,$14
Jameson Williams,DET,WR,$14
Patrick Mahomes II,KC,QB,$13
DJ Moore,CHI,WR,$13
Garrett Wilson,NYJ,WR,$13
RJ Harvey,DEN,RB,$12
Isiah Pacheco,KC,RB,$12
Calvin Ridley,TEN,WR,$12
Tetairoa McMillan,CAR,WR,$12
Kaleb Johnson,PIT,RB,$11
George Pickens,DAL,WR,$11
DeVonta Smith,PHI,WR,$11
Travis Kelce,KC,TE,$11
Baker Mayfield,TB,QB,$10
Tyrone Tracy Jr.,NYG,RB,$10
Jerry Jeudy,CLE,WR,$10
Kyler Murray,ARI,QB,$9
T.J. Hockenson,MIN,TE,$9
Deebo Samuel Sr.,WAS,WR,$8
Ricky Pearsall,SF,WR,$8
David Njoku,CLE,TE,$8
Brock Purdy,SF,QB,$7
Jaylen Warren,PIT,RB,$7
Jaylen Waddle,MIA,WR,$7
Bo Nix,DEN,QB,$6
Jacory Croskey-Merritt,WAS,RB,$6
Austin Ekeler,WAS,RB,$6
Matthew Golden,GB,WR,$6
Travis Hunter,JAC,WR,$6
Zach Charbonnet,SEA,RB,$5
J.K. Dobbins,DEN,RB,$5
Jordan Mason,MIN,RB,$5
Javonte Williams,DAL,RB,$5
Rome Odunze,CHI,WR,$5
Jauan Jennings,SF,WR,$5
Tyler Warren,IND,TE,$5
Justin Fields,NYJ,QB,$4
Rhamondre Stevenson,NE,RB,$4
Travis Etienne Jr.,JAC,RB,$4
Joe Mixon,HOU,RB,$4
Jerome Ford,CLE,RB,$4
Jakobi Meyers,LV,WR,$4
Tucker Kraft,GB,TE,$4
Nick Chubb,HOU,RB,$3
Tank Bigsby,JAC,RB,$3
Chris Olave,NO,WR,$3
Cooper Kupp,SEA,WR,$3
Keon Coleman,BUF,WR,$3
Stefon Diggs,NE,WR,$3
Kyle Pitts Sr.,ATL,TE,$3
J.J. McCarthy,MIN,QB,$2
Dak Prescott,DAL,QB,$2
Justin Herbert,LAC,QB,$2
Quinshon Judkins,CLE,RB,$2
Rachaad White,TB,RB,$2
Trey Benson,ARI,RB,$2
Cam Skattebo,NYG,RB,$2
Dylan Sampson,CLE,RB,$2
Jaydon Blue,DAL,RB,$2
Emeka Egbuka,TB,WR,$2
Rashid Shaheed,NO,WR,$2
Dallas Goedert,PHI,TE,$2
Evan Engram,DEN,TE,$2
Zach Ertz,WAS,TE,$2
Denver Broncos,DEN,DST,$2
Buffalo Bills,BUF,DST,$2
Philadelphia Eagles,PHI,DST,$2
Caleb Williams,CHI,QB,$1
Jared Goff,DET,QB,$1
Najee Harris,LAC,RB,$1
Tyler Allgeier,ATL,RB,$1
Ray Davis,BUF,RB,$1
Jordan Addison,MIN,WR)S,$1
Darnell Mooney,ATL,WR,$1
Michael Pittman Jr.,IND,WR,$1
Jayden Reed,GB,WR,$1
Dalton Kincaid,BUF,TE,$1
Jake Ferguson,DAL,TE,$1
Houston Texans,HOU,DST,$1
Baltimore Ravens,BAL,DST,$1
Pittsburgh Steelers,PIT,DST,$1
Green Bay Packers,GB,DST,$1
Minnesota Vikings,MIN,DST,$1
Dallas Cowboys,DAL,DST,$1
New York Giants,NYG,DST,$1
Brandon Aubrey,DAL,K,$1
Matt Gay,WAS,K,$1
Chase McLaughlin,TB,K,$1
Jake Elliott,PHI,K,$1
Tyler Bass,BUF,K,$1
Cameron Dicker,LAC,K,$1
Tyler Loop,BAL,K,$1
Jake Bates,DET,K,$1
Evan McPherson,CIN,K,$1
Harrison Butker,KC,K,$1
Ka'imi Fairbairn,HOU,K,$0
Brandon McManus,GB,K,$0
Chris Boswell,PIT,K,$0
Younghoe Koo,ATL,K,$0
Wil Lutz,DEN,K,$0
Will Reichard,MIN,K,$0
Joshua Karty,LAR,K,$0
Chris Godwin Jr.,TB,WR,$0
Detroit Lions,DET,DST,$0
Los Angeles Rams,LAR,DST,$0
Los Angeles Chargers,LAC,DST,$0
San Francisco 49ers,SF,DST,$0
Tampa Bay Buccaneers,TB,DST,$0
Washington Commanders,WAS,DST,$0
Kansas City Chiefs,KC,DST,$0
Seattle Seahawks,SEA,DST,$0
Chicago Bears,CHI,DST,$0
Indianapolis Colts,IND,DST,$0
Arizona Cardinals,ARI,DST,$0
Bhayshul Tuten,JAC,RB,$0
C.J. Stroud,HOU,QB,$0
Drake Maye,NE,QB,$0
Jordan Love,GB,QB,$0
Trevor Lawrence,JAC,QB,$0
Jake Moody,SF,K,$0
Chad Ryland,ARI,K,$0
Spencer Shrader,IND,K,$0
Daniel Carlson,LV,K,$0
Cam Little,JAC,K,$0
Cairo Santos,CHI,K,$0
Jason Myers,SEA,K,$0
Khalil Shakir,BUF,WR,$0
Marvin Mims Jr.,DEN,WR,$0
Rashod Bateman,BAL,WR,$0
Rashee Rice,KC,WR,$0
Josh Downs,IND,WR,$0
Cleveland Browns,CLE,DST,$0
New York Jets,NYJ,DST,$0
Cincinnati Bengals,CIN,DST,$0
Las Vegas Raiders,LV,DST,$0
Miami Dolphins,MIA,DST,$0
New Orleans Saints,NO,DST,$0
Jacksonville Jaguars,JAC,DST,$0
Atlanta Falcons,ATL,DST,$0
Tennessee Titans,TEN,DST,$0
New England Patriots,NE,DST,$0
Hunter Henry,NE,TE,$0
Braelon Allen,NYJ,RB,$0
Colston Loveland,CHI,TE,$0
Cade Otton,TB,TE,$0
Tyjae Spears,TEN,RB,$0
Rico Dowdle,CAR,RB,$0
Brenton Strange,JAC,TE,$0
Jonnu Smith,PIT,TE,$0
Isaiah Likely,BAL,TE,$0
Kendre Miller,NO,RB,$0
Nick Folk,NYJ,K,$0
Carolina Panthers,CAR,DST,$0
Darren Waller,MIA,TE,$0
Chig Okonkwo,TEN,TE,$0
Kareem Hunt,KC,RB,$0
Ollie Gordon II,MIA,RB,$0
Brian Robinson Jr.,SF,RB,$0
Mike Gesicki,CIN,TE,$0
Dalton Schultz,HOU,TE,$0
Roschon Johnson,CHI,RB,$0
Juwan Johnson,NO,TE,$0
Pat Freiermuth,PIT,TE,$0
Jaylen Wright,MIA,RB,$0
Bryce Young,CAR,QB,$0
Michael Penix Jr.,ATL,QB,$0
Tua Tagovailoa,MIA,QB,$0
Matthew Stafford,LAR,QB,$0
Geno Smith,LV,QB,$0
Cedric Tillman,CLE,WR,$0
Xavier Legette,CAR,WR,$0
Marquise Brown,KC,WR,$0
Mason Taylor,NYJ,TE,$0
Theo Johnson,NYG,TE,$0
Tyler Higbee,LAR,TE,$0
Robbie Ouzts,SEA,RB,$0
Blake Corum,LAR,RB,$0
MarShawn Lloyd,GB,RB,$0
Cam Ward,TEN,QB,$0
Sam Darnold,SEA,QB,$0
Keenan Allen,LAC,WR,$0
Christian Kirk,HOU,WR,$0
Jayden Higgins,HOU,WR,$0
DeMario Douglas,NE,WR,$0
Elijah Arroyo,SEA,TE,$0
Justice Hill,BAL,RB,$0
Ja'Tavion Sanders,CAR,TE,$0
Raheem Mostert,LV,RB,$0
Miles Sanders,DAL,RB,$0
Keaton Mitchell,BAL,RB,$0
Chris Rodriguez Jr.,WAS,RB,$0
Woody Marks,HOU,RB,$0
Tahj Brooks,CIN,RB,$0
Ty Johnson,BUF,RB,$0
Jalen Coker,CAR,WR,$0
Romeo Doubs,GB,WR,$0
Joshua Palmer,BUF,WR,$0
Brandon Aiyuk,SF,WR,$0
Wan'Dale Robinson,NYG,WR,$0
Will Dissly,LAC,TE,$0
Noah Fant,CIN,TE,$0
Samaje Perine,CIN,RB,$0
Zamir White,LV,RB,$0
Kyle Monangai,CHI,RB,$0
Jarquez Hunter,LAR,RB,$0
Antonio Gibson,NE,RB,$0
Devin Neal,NO,RB,$0
Kenneth Gainwell,PIT,RB,$0
Isaac Guerendo,SF,RB,$0
Aaron Rodgers,PIT,QB,$0
Michael Wilson,ARI,WR,$0
Tyler Lockett,TEN,WR,$0
Luther Burden III,CHI,WR,$0
Calvin Austin III,PIT,WR,$0
Khalil Herbert,,RB,$0
Devin Singletary,NYG,RB,$0
Will Shipley,PHI,RB,$0
Trevor Etienne,CAR,RB,$0
Jaleel McLaughlin,DEN,RB,$0
Emanuel Wilson,GB,RB,$0
Sean Tucker,TB,RB,$0
Elijah Mitchell,KC,RB,$0
Daniel Jones,IND,QB,$0
Alec Pierce,IND,WR,$0
Tre' Harris,LAC,WR,$0
Quentin Johnston,LAC,WR,$0
Amari Cooper,LV,WR,$0
Tyler Goodson,IND,RB,$0
DJ Giddens,IND,RB,$0
Dameon Pierce,HOU,RB,$0
Julius Chestnut,TEN,RB,$0
A.J. Dillon,PHI,RB,$0
Hassan Haskins,LAC,RB,$0
Darius Slayton,NYG,WR,$0
DeAndre Hopkins,BAL,WR,$0
Adam Thielen,MIN,WR,$0
Josh Reynolds,NYJ,WR,$0
Ray-Ray McCloud III,ATL,WR,$0
Tutu Atwell,LAR,WR,$0
Dyami Brown,JAC,WR,$0
Nick Westbrook-Ikhine,MIA,WR,$0
Tory Horton,SEA,WR,$0
Jalen Tolbert,DAL,WR,$0
Troy Franklin,DEN,WR,$0
Andrei Iosivas,CIN,WR,$0
Pat Bryant,DEN,WR,$0
Kyle Williams,NE,WR,$0
Kayshon Boutte,NE,WR,$0
Noah Brown,WAS,WR,$0
Jordan Whittington,LAR,WR,$0
Elic Ayomanor,TEN,WR,$0
Tre Tucker,LV,WR,$0
Roman Wilson,PIT,WR,$0
Russell Wilson,NYG,QB,$0
Isaac TeSlaa,DET,WR,$0
Adonai Mitchell,IND,WR,$0
Greg Dortch,ARI,WR,$0
Dontayvion Wicks,GB,WR,$0
Christian Watson,GB,WR,$0
Spencer Rattler,NO,QB,$0
Joe Flacco,CLE,QB,$0
Tyler Shough,NO,QB,$0
